Patch,Campe√£o,Taxa_Vitoria
Patch 1.0,Aatrox,0.3391172799934438
Patch 2.0,Aatrox,0.27953932762041056
Patch 3.0,Aatrox,0.30602802460964035
Patch 4.0,Aatrox,0.30867913391067986
Patch 5.0,Aatrox,0.3047603355859208
Patch 6.0,Aatrox,0.28795557361416113
Patch 7.0,Aatrox,0.274121092502514
Patch 8.0,Aatrox,0.30134310757037414
Patch 9.0,Aatrox,0.31154792437201945
Patch 10.0,Aatrox,0.2720849814222876
Patch 1.0,Ahri,0.2994602651584407
Patch 2.0,Ahri,0.26690066099708926
Patch 3.0,Ahri,0.26290928521435736
Patch 4.0,Ahri,0.2620945841189023
Patch 5.0,Ahri,0.2819545684469711
Patch 6.0,Ahri,0.26173276976361814
Patch 7.0,Ahri,0.2628406107760012
Patch 8.0,Ahri,0.224876945932468
Patch 9.0,Ahri,0.29901326174743914
Patch 10.0,Ahri,0.2504723625046394
Patch 1.0,Akali,0.2588272007576713
Patch 2.0,Akali,0.23236777677853407
Patch 3.0,Akali,0.21684914969895408
Patch 4.0,Akali,0.21635723377739766
Patch 5.0,Akali,0.21405408802903325
Patch 6.0,Akali,0.22662091373718782
Patch 7.0,Akali,0.24242017669805394
Patch 8.0,Akali,0.23154136939603084
Patch 9.0,Akali,0.231176236850586
Patch 10.0,Akali,0.20910418938635084
Patch 1.0,Akshan,0.12341787913384325
Patch 2.0,Akshan,0.1494931045574538
Patch 3.0,Akshan,0.07433423237034022
Patch 4.0,Akshan,0.11154760409514147
Patch 5.0,Akshan,0.10280741490998237
Patch 6.0,Akshan,0.1396207457685955
Patch 7.0,Akshan,0.12254884727835318
Patch 8.0,Akshan,0.11396665319119682
Patch 9.0,Akshan,0.10235245992127608
Patch 10.0,Akshan,0.11332962294533257
Patch 1.0,Alistar,0.24925020023974276
Patch 2.0,Alistar,0.2306842484546007
Patch 3.0,Alistar,0.2547745241837768
Patch 4.0,Alistar,0.25679561355261815
Patch 5.0,Alistar,0.27401956319133874
Patch 6.0,Alistar,0.25084740741855893
Patch 7.0,Alistar,0.23678399430092295
Patch 8.0,Alistar,0.24159381922220113
Patch 9.0,Alistar,0.2786201924378635
Patch 10.0,Alistar,0.23343181634115923
Patch 1.0,Ambessa,0.12099701659910561
Patch 2.0,Ambessa,0.1309389650272038
Patch 3.0,Ambessa,0.14043894519629588
Patch 4.0,Ambessa,0.1380552520598413
Patch 5.0,Ambessa,0.1470483400755785
Patch 6.0,Ambessa,0.13664527439995236
Patch 7.0,Ambessa,0.1335093570051086
Patch 8.0,Ambessa,0.15578238850850523
Patch 9.0,Ambessa,0.12032724699974937
Patch 10.0,Ambessa,0.1393133486975131
Patch 1.0,Amumu,0.1708294397692428
Patch 2.0,Amumu,0.18820365827930646
Patch 3.0,Amumu,0.1757086293777472
Patch 4.0,Amumu,0.22370822029969892
Patch 5.0,Amumu,0.19179628329094195
Patch 6.0,Amumu,0.1747738127204322
Patch 7.0,Amumu,0.20693788553038733
Patch 8.0,Amumu,0.1997812531126147
Patch 9.0,Amumu,0.1710748772714006
Patch 10.0,Amumu,0.1838890839679033
Patch 1.0,Anivia,0.23064092536702419
Patch 2.0,Anivia,0.21186843671112218
Patch 3.0,Anivia,0.20345474622987442
Patch 4.0,Anivia,0.19494221221044156
Patch 5.0,Anivia,0.21326055495593713
Patch 6.0,Anivia,0.23383692598734956
Patch 7.0,Anivia,0.2604532446688549
Patch 8.0,Anivia,0.24708375067668154
Patch 9.0,Anivia,0.23689400002711888
Patch 10.0,Anivia,0.21111183624747815
Patch 1.0,Annie,0.17946348620317693
Patch 2.0,Annie,0.17436063048128986
Patch 3.0,Annie,0.19497432990191615
Patch 4.0,Annie,0.1991401553584419
Patch 5.0,Annie,0.19673268706383618
Patch 6.0,Annie,0.16050766726301452
Patch 7.0,Annie,0.19179051037497957
Patch 8.0,Annie,0.15939364619220683
Patch 9.0,Annie,0.18680720359830338
Patch 10.0,Annie,0.1818942634018242
Patch 1.0,Aphelios,0.14522369337608376
Patch 2.0,Aphelios,0.18938513548370167
Patch 3.0,Aphelios,0.1508486247695025
Patch 4.0,Aphelios,0.18721122905018722
Patch 5.0,Aphelios,0.16870588152908444
Patch 6.0,Aphelios,0.1977257242859351
Patch 7.0,Aphelios,0.14728043625401324
Patch 8.0,Aphelios,0.18661647142449111
Patch 9.0,Aphelios,0.15530604083903893
Patch 10.0,Aphelios,0.1840321709998659
Patch 1.0,Ashe,0.28624827501519645
Patch 2.0,Ashe,0.29080550599658544
Patch 3.0,Ashe,0.24960138575606147
Patch 4.0,Ashe,0.27609426813473475
Patch 5.0,Ashe,0.2445433797887444
Patch 6.0,Ashe,0.27265255338523275
Patch 7.0,Ashe,0.3027255288187611
Patch 8.0,Ashe,0.25659649307315396
Patch 9.0,Ashe,0.26248311841137745
Patch 10.0,Ashe,0.307218354025156
Patch 1.0,AurelionSol,0.17058105115791833
Patch 2.0,AurelionSol,0.22019389728470745
Patch 3.0,AurelionSol,0.18284342967641906
Patch 4.0,AurelionSol,0.16535607591651527
Patch 5.0,AurelionSol,0.1931129193848571
Patch 6.0,AurelionSol,0.19319071043854455
Patch 7.0,AurelionSol,0.1963224924105364
Patch 8.0,AurelionSol,0.1668516298400633
Patch 9.0,AurelionSol,0.1463796890157997
Patch 10.0,AurelionSol,0.18944992582775982
Patch 1.0,Aurora,0.17407447791252373
Patch 2.0,Aurora,0.1559018413427223
Patch 3.0,Aurora,0.17393893706210958
Patch 4.0,Aurora,0.1692551033638426
Patch 5.0,Aurora,0.18493821039558567
Patch 6.0,Aurora,0.19018727799573926
Patch 7.0,Aurora,0.16968208565940585
Patch 8.0,Aurora,0.22965020902291225
Patch 9.0,Aurora,0.21930954046147946
Patch 10.0,Aurora,0.15920833362941977
Patch 1.0,Azir,0.21598551422990087
Patch 2.0,Azir,0.18430838783435433
Patch 3.0,Azir,0.19430579985762444
Patch 4.0,Azir,0.20562981610464137
Patch 5.0,Azir,0.18953721608241011
Patch 6.0,Azir,0.2187273513222455
Patch 7.0,Azir,0.20849921523836254
Patch 8.0,Azir,0.19794180112543563
Patch 9.0,Azir,0.20739363881721198
Patch 10.0,Azir,0.1613943307146462
Patch 1.0,Bard,0.2126773451072143
Patch 2.0,Bard,0.12845825125334215
Patch 3.0,Bard,0.16782055958434802
Patch 4.0,Bard,0.16319417059931396
Patch 5.0,Bard,0.16436198838133317
Patch 6.0,Bard,0.17089983018769062
Patch 7.0,Bard,0.16130288998225414
Patch 8.0,Bard,0.16646257671943393
Patch 9.0,Bard,0.19514152376991584
Patch 10.0,Bard,0.15525716235394166
Patch 1.0,Belveth,0.17141415588821846
Patch 2.0,Belveth,0.16229165613726942
Patch 3.0,Belveth,0.2101067952887723
Patch 4.0,Belveth,0.2055789202777171
Patch 5.0,Belveth,0.2031674016814686
Patch 6.0,Belveth,0.21540497322604857
Patch 7.0,Belveth,0.17056092664314484
Patch 8.0,Belveth,0.2030409522896239
Patch 9.0,Belveth,0.189304573149068
Patch 10.0,Belveth,0.22730429141880074
Patch 1.0,Blitzcrank,0.15119569421696008
Patch 2.0,Blitzcrank,0.18356142511385326
Patch 3.0,Blitzcrank,0.17280583916524492
Patch 4.0,Blitzcrank,0.14914542024856176
Patch 5.0,Blitzcrank,0.17821497296424488
Patch 6.0,Blitzcrank,0.1813605751465222
Patch 7.0,Blitzcrank,0.15068659889812325
Patch 8.0,Blitzcrank,0.16897542940282695
Patch 9.0,Blitzcrank,0.21327963917602172
Patch 10.0,Blitzcrank,0.1660535362496867
Patch 1.0,Brand,0.20179711705309797
Patch 2.0,Brand,0.18089784087480276
Patch 3.0,Brand,0.19377056120407796
Patch 4.0,Brand,0.21378733029248062
Patch 5.0,Brand,0.20151359410271494
Patch 6.0,Brand,0.21865610038991307
Patch 7.0,Brand,0.18787758493409634
Patch 8.0,Brand,0.22175011052765137
Patch 9.0,Brand,0.22002881251794548
Patch 10.0,Brand,0.2188105529265935
Patch 1.0,Braum,0.21131123895203818
Patch 2.0,Braum,0.2108945374217158
Patch 3.0,Braum,0.21698596608143153
Patch 4.0,Braum,0.23510453745451468
Patch 5.0,Braum,0.22221042985408293
Patch 6.0,Braum,0.18804867024238167
Patch 7.0,Braum,0.2481485030243899
Patch 8.0,Braum,0.19717077678469502
Patch 9.0,Braum,0.22705356613175795
Patch 10.0,Braum,0.2407743322339048
Patch 1.0,Briar,0.1457784439901773
Patch 2.0,Briar,0.09835998296756598
Patch 3.0,Briar,0.18197475806621796
Patch 4.0,Briar,0.13364592566709937
Patch 5.0,Briar,0.11836205263796377
Patch 6.0,Briar,0.1840950814357379
Patch 7.0,Briar,0.11143341092855462
Patch 8.0,Briar,0.14417369868978633
Patch 9.0,Briar,0.1635138601790528
Patch 10.0,Briar,0.14943357479389735
Patch 1.0,Caitlyn,0.28342323957264
Patch 2.0,Caitlyn,0.22962005823118395
Patch 3.0,Caitlyn,0.2513758611485163
Patch 4.0,Caitlyn,0.26547989999383437
Patch 5.0,Caitlyn,0.2550851029759134
Patch 6.0,Caitlyn,0.21433003116208565
Patch 7.0,Caitlyn,0.23475631923277124
Patch 8.0,Caitlyn,0.2553911800710066
Patch 9.0,Caitlyn,0.22257765218459596
Patch 10.0,Caitlyn,0.2351246060416311
Patch 1.0,Camille,0.20830866938590353
Patch 2.0,Camille,0.2443763732929777
Patch 3.0,Camille,0.20286689222191812
Patch 4.0,Camille,0.20663873629870155
Patch 5.0,Camille,0.20214955188725112
Patch 6.0,Camille,0.21828949640074538
Patch 7.0,Camille,0.1963574852925422
Patch 8.0,Camille,0.21018940411075154
Patch 9.0,Camille,0.23223441314056736
Patch 10.0,Camille,0.20979411738267503
Patch 1.0,Cassiopeia,0.15443770847439772
Patch 2.0,Cassiopeia,0.20633124068491543
Patch 3.0,Cassiopeia,0.15557759828244794
Patch 4.0,Cassiopeia,0.15574308952325128
Patch 5.0,Cassiopeia,0.14323962018112893
Patch 6.0,Cassiopeia,0.14904996837878975
Patch 7.0,Cassiopeia,0.16949302756807375
Patch 8.0,Cassiopeia,0.18948176611941403
Patch 9.0,Cassiopeia,0.18594838766572913
Patch 10.0,Cassiopeia,0.14316524758509108
Patch 1.0,Chogath,0.1383286483020626
Patch 2.0,Chogath,0.14313854669860934
Patch 3.0,Chogath,0.1800233647030765
Patch 4.0,Chogath,0.12538886122693277
Patch 5.0,Chogath,0.15173202788959672
Patch 6.0,Chogath,0.17125560239155757
Patch 7.0,Chogath,0.14341091670679518
Patch 8.0,Chogath,0.1412665701821832
Patch 9.0,Chogath,0.1591522000054743
Patch 10.0,Chogath,0.16205687825679957
Patch 1.0,Corki,0.22322957173047672
Patch 2.0,Corki,0.24471298175403444
Patch 3.0,Corki,0.25949081320277256
Patch 4.0,Corki,0.230726902820391
Patch 5.0,Corki,0.2613406345888454
Patch 6.0,Corki,0.1885063954723616
Patch 7.0,Corki,0.25590741297383435
Patch 8.0,Corki,0.2129404443026116
Patch 9.0,Corki,0.26258194907919563
Patch 10.0,Corki,0.22897797750703308
Patch 1.0,Darius,0.14526066898051226
Patch 2.0,Darius,0.17479438102684816
Patch 3.0,Darius,0.15075778151839192
Patch 4.0,Darius,0.19534670164401088
Patch 5.0,Darius,0.16658572064566118
Patch 6.0,Darius,0.19891536458596143
Patch 7.0,Darius,0.1964338605633675
Patch 8.0,Darius,0.16273338057355455
Patch 9.0,Darius,0.17112682608712992
Patch 10.0,Darius,0.16327191554985596
Patch 1.0,Diana,0.23519182320423238
Patch 2.0,Diana,0.20432916472009877
Patch 3.0,Diana,0.22921084895927174
Patch 4.0,Diana,0.26528017198427456
Patch 5.0,Diana,0.2250349494393328
Patch 6.0,Diana,0.22166142127992575
Patch 7.0,Diana,0.24012014829410983
Patch 8.0,Diana,0.22774989425312997
Patch 9.0,Diana,0.21458376845643526
Patch 10.0,Diana,0.23112447579587503
Patch 1.0,DrMundo,0.17536825549183013
Patch 2.0,DrMundo,0.1265188512948352
Patch 3.0,DrMundo,0.14480548598700232
Patch 4.0,DrMundo,0.17883556979500664
Patch 5.0,DrMundo,0.1240217032248023
Patch 6.0,DrMundo,0.170694393616377
Patch 7.0,DrMundo,0.15111059946154826
Patch 8.0,DrMundo,0.1296005431359133
Patch 9.0,DrMundo,0.13189328477214876
Patch 10.0,DrMundo,0.181932424203808
Patch 1.0,Draven,0.26097744582087395
Patch 2.0,Draven,0.26180044638724426
Patch 3.0,Draven,0.2739427625467673
Patch 4.0,Draven,0.2375564216973399
Patch 5.0,Draven,0.22803338320992406
Patch 6.0,Draven,0.24393431905005497
Patch 7.0,Draven,0.26750069422468964
Patch 8.0,Draven,0.2711138787763272
Patch 9.0,Draven,0.2842631594851715
Patch 10.0,Draven,0.24651449862450003
Patch 1.0,Ekko,0.24882079056440282
Patch 2.0,Ekko,0.24823093025273338
Patch 3.0,Ekko,0.2466144728093485
Patch 4.0,Ekko,0.24538268231827748
Patch 5.0,Ekko,0.24528536901418033
Patch 6.0,Ekko,0.28550741216104947
Patch 7.0,Ekko,0.22966522927369762
Patch 8.0,Ekko,0.28008051228699815
Patch 9.0,Ekko,0.2635246328258393
Patch 10.0,Ekko,0.2670488646527507
Patch 1.0,Elise,0.1896809738898725
Patch 2.0,Elise,0.13465198901114944
Patch 3.0,Elise,0.1580259807912066
Patch 4.0,Elise,0.16638515056606779
Patch 5.0,Elise,0.16481465403640844
Patch 6.0,Elise,0.19619919872381747
Patch 7.0,Elise,0.19929521801025762
Patch 8.0,Elise,0.19144016863959099
Patch 9.0,Elise,0.18223994250578726
Patch 10.0,Elise,0.17951676770717997
Patch 1.0,Evelynn,0.17933681632811646
Patch 2.0,Evelynn,0.14344950324755418
Patch 3.0,Evelynn,0.10405788915281178
Patch 4.0,Evelynn,0.15001563547673302
Patch 5.0,Evelynn,0.13903298546531145
Patch 6.0,Evelynn,0.11161479568119675
Patch 7.0,Evelynn,0.13783854833005468
Patch 8.0,Evelynn,0.13796626711614182
Patch 9.0,Evelynn,0.12723162938064841
Patch 10.0,Evelynn,0.1562829432821632
Patch 1.0,Ezreal,0.31215690308685207
Patch 2.0,Ezreal,0.29025835062160216
Patch 3.0,Ezreal,0.31019933043982906
Patch 4.0,Ezreal,0.32960205981815244
Patch 5.0,Ezreal,0.3035329068979162
Patch 6.0,Ezreal,0.28568976897659554
Patch 7.0,Ezreal,0.30911900710401524
Patch 8.0,Ezreal,0.30207665752705815
Patch 9.0,Ezreal,0.2374024944708852
Patch 10.0,Ezreal,0.32239056150790646
Patch 1.0,FiddleSticks,0.19044219419253428
Patch 2.0,FiddleSticks,0.14949081903688002
Patch 3.0,FiddleSticks,0.1542486847077086
Patch 4.0,FiddleSticks,0.17318443502365946
Patch 5.0,FiddleSticks,0.16583946945624392
Patch 6.0,FiddleSticks,0.16249781108867442
Patch 7.0,FiddleSticks,0.18091995220855545
Patch 8.0,FiddleSticks,0.13798411895457527
Patch 9.0,FiddleSticks,0.14327316465517537
Patch 10.0,FiddleSticks,0.14191500634835127
Patch 1.0,Fiora,0.17811088156623955
Patch 2.0,Fiora,0.15715735866862773
Patch 3.0,Fiora,0.13524762716104624
Patch 4.0,Fiora,0.11893609622888693
Patch 5.0,Fiora,0.1856085503912308
Patch 6.0,Fiora,0.13527914818312944
Patch 7.0,Fiora,0.13234386011039273
Patch 8.0,Fiora,0.13530343269430464
Patch 9.0,Fiora,0.15190547006582467
Patch 10.0,Fiora,0.1229925516997122
Patch 1.0,Fizz,0.21838599725818467
Patch 2.0,Fizz,0.23539112092033793
Patch 3.0,Fizz,0.21161570172863262
Patch 4.0,Fizz,0.21839338953286075
Patch 5.0,Fizz,0.20872154418310757
Patch 6.0,Fizz,0.23566562541315533
Patch 7.0,Fizz,0.2240537953509677
Patch 8.0,Fizz,0.24964068598508732
Patch 9.0,Fizz,0.20712091358061896
Patch 10.0,Fizz,0.2032142632848131
Patch 1.0,Galio,0.1407980188486505
Patch 2.0,Galio,0.18919034738938087
Patch 3.0,Galio,0.14026794876273405
Patch 4.0,Galio,0.15623417631682665
Patch 5.0,Galio,0.13361306790876923
Patch 6.0,Galio,0.16166913381747797
Patch 7.0,Galio,0.14695769256641736
Patch 8.0,Galio,0.13935283224054495
Patch 9.0,Galio,0.19102184896426183
Patch 10.0,Galio,0.17577840839192355
Patch 1.0,Gangplank,0.14930267162686495
Patch 2.0,Gangplank,0.1266736293410382
Patch 3.0,Gangplank,0.13720257352189605
Patch 4.0,Gangplank,0.12047971084615966
Patch 5.0,Gangplank,0.13319272380915156
Patch 6.0,Gangplank,0.11166373829152472
Patch 7.0,Gangplank,0.1282035307038353
Patch 8.0,Gangplank,0.16173507573478937
Patch 9.0,Gangplank,0.17031340950067034
Patch 10.0,Gangplank,0.1722462684277465
Patch 1.0,Garen,0.18840458883877656
Patch 2.0,Garen,0.18086630002101434
Patch 3.0,Garen,0.20303710478999007
Patch 4.0,Garen,0.16744847467299714
Patch 5.0,Garen,0.15055888247159477
Patch 6.0,Garen,0.16222682537520797
Patch 7.0,Garen,0.1541719671516732
Patch 8.0,Garen,0.17444425130140848
Patch 9.0,Garen,0.21636611102537393
Patch 10.0,Garen,0.17759255482018485
Patch 1.0,Gnar,0.17425333064037707
Patch 2.0,Gnar,0.1748119013957537
Patch 3.0,Gnar,0.17753545375617297
Patch 4.0,Gnar,0.19086454891764873
Patch 5.0,Gnar,0.14740537847821059
Patch 6.0,Gnar,0.13654038515549358
Patch 7.0,Gnar,0.18894795896251032
Patch 8.0,Gnar,0.17539371325738054
Patch 9.0,Gnar,0.1694178028866085
Patch 10.0,Gnar,0.15030869036485495
Patch 1.0,Gragas,0.25454471139157886
Patch 2.0,Gragas,0.2579836312903223
Patch 3.0,Gragas,0.25146597095973794
Patch 4.0,Gragas,0.24698253209604049
Patch 5.0,Gragas,0.2540107711246085
Patch 6.0,Gragas,0.27817516325332975
Patch 7.0,Gragas,0.23789536394529745
Patch 8.0,Gragas,0.22754919513285554
Patch 9.0,Gragas,0.27779306902202267
Patch 10.0,Gragas,0.24478643907339553
Patch 1.0,Graves,0.23150327846104063
Patch 2.0,Graves,0.2204610508061186
Patch 3.0,Graves,0.23557547318092908
Patch 4.0,Graves,0.20771913107974993
Patch 5.0,Graves,0.20541833585918945
Patch 6.0,Graves,0.22641128051494547
Patch 7.0,Graves,0.22390847763900387
Patch 8.0,Graves,0.20231405249790682
Patch 9.0,Graves,0.23618219274947932
Patch 10.0,Graves,0.21445060861734375
Patch 1.0,Gwen,0.15863960167135452
Patch 2.0,Gwen,0.19524050470919105
Patch 3.0,Gwen,0.14974300836688176
Patch 4.0,Gwen,0.1769014868148942
Patch 5.0,Gwen,0.14528584265041553
Patch 6.0,Gwen,0.15214538713882217
Patch 7.0,Gwen,0.15420051394479145
Patch 8.0,Gwen,0.15949973694328123
Patch 9.0,Gwen,0.18634486067590264
Patch 10.0,Gwen,0.18868451013847057
Patch 1.0,Hecarim,0.17647364383599098
Patch 2.0,Hecarim,0.1757548346915789
Patch 3.0,Hecarim,0.18308675989999038
Patch 4.0,Hecarim,0.16374468909883458
Patch 5.0,Hecarim,0.16624853895994218
Patch 6.0,Hecarim,0.1694273721041559
Patch 7.0,Hecarim,0.1904614083944497
Patch 8.0,Hecarim,0.1623431893983873
Patch 9.0,Hecarim,0.16141550841869126
Patch 10.0,Hecarim,0.20269502245751025
Patch 1.0,Heimerdinger,0.05
Patch 2.0,Heimerdinger,0.05549475123498246
Patch 3.0,Heimerdinger,0.05
Patch 4.0,Heimerdinger,0.055908586187867815
Patch 5.0,Heimerdinger,0.05
Patch 6.0,Heimerdinger,0.05
Patch 7.0,Heimerdinger,0.05
Patch 8.0,Heimerdinger,0.05
Patch 9.0,Heimerdinger,0.052740295414094224
Patch 10.0,Heimerdinger,0.06615404968128118
Patch 1.0,Hwei,0.23637276902942106
Patch 2.0,Hwei,0.25847861292769236
Patch 3.0,Hwei,0.2941688860712552
Patch 4.0,Hwei,0.26084716812025427
Patch 5.0,Hwei,0.2923324564105619
Patch 6.0,Hwei,0.24033657800164945
Patch 7.0,Hwei,0.2595938096602364
Patch 8.0,Hwei,0.28026185227537576
Patch 9.0,Hwei,0.25115035146553005
Patch 10.0,Hwei,0.2677853565530259
Patch 1.0,Illaoi,0.12153696873523141
Patch 2.0,Illaoi,0.07011096993999824
Patch 3.0,Illaoi,0.10022928045041385
Patch 4.0,Illaoi,0.06186014863121237
Patch 5.0,Illaoi,0.10292177165024177
Patch 6.0,Illaoi,0.12203486785123509
Patch 7.0,Illaoi,0.05306007131137659
Patch 8.0,Illaoi,0.10666390549138076
Patch 9.0,Illaoi,0.08421367313961162
Patch 10.0,Illaoi,0.10372494684639753
Patch 1.0,Irelia,0.1779581659760103
Patch 2.0,Irelia,0.19487829304825383
Patch 3.0,Irelia,0.21603137636998135
Patch 4.0,Irelia,0.19014530700712473
Patch 5.0,Irelia,0.1914779443439678
Patch 6.0,Irelia,0.19693852738826037
Patch 7.0,Irelia,0.1964136860579314
Patch 8.0,Irelia,0.16649445232601318
Patch 9.0,Irelia,0.18314494183996052
Patch 10.0,Irelia,0.20061521163415857
Patch 1.0,Ivern,0.2349605297065327
Patch 2.0,Ivern,0.2059243643623804
Patch 3.0,Ivern,0.1964584300505866
Patch 4.0,Ivern,0.19044237933656727
Patch 5.0,Ivern,0.20490859067076467
Patch 6.0,Ivern,0.2140408426818545
Patch 7.0,Ivern,0.24529426807769406
Patch 8.0,Ivern,0.2559576686814419
Patch 9.0,Ivern,0.22629187951933438
Patch 10.0,Ivern,0.15935180955225844
Patch 1.0,Janna,0.21960532702528499
Patch 2.0,Janna,0.22237315844835748
Patch 3.0,Janna,0.2016379153460556
Patch 4.0,Janna,0.2249099784429857
Patch 5.0,Janna,0.2113069410287119
Patch 6.0,Janna,0.18694459193525229
Patch 7.0,Janna,0.21161278767870284
Patch 8.0,Janna,0.22371698733625123
Patch 9.0,Janna,0.23257557659128786
Patch 10.0,Janna,0.17679043537704303
Patch 1.0,JarvanIV,0.20654760015938228
Patch 2.0,JarvanIV,0.17742685978678796
Patch 3.0,JarvanIV,0.1985325333728649
Patch 4.0,JarvanIV,0.18908511410228232
Patch 5.0,JarvanIV,0.20219034378759537
Patch 6.0,JarvanIV,0.18491882841417853
Patch 7.0,JarvanIV,0.21026030348895247
Patch 8.0,JarvanIV,0.22047425753371028
Patch 9.0,JarvanIV,0.20720269249499232
Patch 10.0,JarvanIV,0.21875793837672275
Patch 1.0,Jax,0.2741053194514342
Patch 2.0,Jax,0.23305836148546452
Patch 3.0,Jax,0.2422622682376446
Patch 4.0,Jax,0.20755623921482252
Patch 5.0,Jax,0.24697414335106177
Patch 6.0,Jax,0.221257819680159
Patch 7.0,Jax,0.20285375080391638
Patch 8.0,Jax,0.23703213912887441
Patch 9.0,Jax,0.2374319900190034
Patch 10.0,Jax,0.2661715743563185
Patch 1.0,Jayce,0.23732932025551365
Patch 2.0,Jayce,0.25121353070189717
Patch 3.0,Jayce,0.24668468954641834
Patch 4.0,Jayce,0.22718458246028736
Patch 5.0,Jayce,0.23958849217869047
Patch 6.0,Jayce,0.21727121690445778
Patch 7.0,Jayce,0.2306992162123088
Patch 8.0,Jayce,0.19501672882238041
Patch 9.0,Jayce,0.22153543505083656
Patch 10.0,Jayce,0.26763109956801573
Patch 1.0,Jhin,0.35672161150738785
Patch 2.0,Jhin,0.3408566017924365
Patch 3.0,Jhin,0.3660591776704478
Patch 4.0,Jhin,0.3047782081918009
Patch 5.0,Jhin,0.3288631943232479
Patch 6.0,Jhin,0.35409369327704393
Patch 7.0,Jhin,0.3199750303735372
Patch 8.0,Jhin,0.34133540799577305
Patch 9.0,Jhin,0.35506386861684897
Patch 10.0,Jhin,0.341135703288343
Patch 1.0,Jinx,0.3364056483847492
Patch 2.0,Jinx,0.3188446296385145
Patch 3.0,Jinx,0.30259943359343194
Patch 4.0,Jinx,0.3412492098584749
Patch 5.0,Jinx,0.35656724977783577
Patch 6.0,Jinx,0.3357649662817923
Patch 7.0,Jinx,0.3032842375036707
Patch 8.0,Jinx,0.3181970916632909
Patch 9.0,Jinx,0.3017942195997006
Patch 10.0,Jinx,0.3139249674454605
Patch 1.0,KSante,0.13966539382461546
Patch 2.0,KSante,0.14829229745310088
Patch 3.0,KSante,0.12742561098905295
Patch 4.0,KSante,0.12389949477922169
Patch 5.0,KSante,0.11772579624811055
Patch 6.0,KSante,0.13828530731363597
Patch 7.0,KSante,0.1407416633797952
Patch 8.0,KSante,0.1163018074378643
Patch 9.0,KSante,0.11252963338082714
Patch 10.0,KSante,0.13702938013836857
Patch 1.0,Kaisa,0.36338501223978964
Patch 2.0,Kaisa,0.3623165265999744
Patch 3.0,Kaisa,0.3538875587799529
Patch 4.0,Kaisa,0.4157961915613073
Patch 5.0,Kaisa,0.41806543710923005
Patch 6.0,Kaisa,0.41923830086580366
Patch 7.0,Kaisa,0.34221453619154313
Patch 8.0,Kaisa,0.38514297771546263
Patch 9.0,Kaisa,0.3809083349484309
Patch 10.0,Kaisa,0.3812042520997517
Patch 1.0,Kalista,0.16013380529124252
Patch 2.0,Kalista,0.16053930503379898
Patch 3.0,Kalista,0.18097946671721354
Patch 4.0,Kalista,0.21511137303287975
Patch 5.0,Kalista,0.16106913341351153
Patch 6.0,Kalista,0.18665807143350335
Patch 7.0,Kalista,0.1723947925542509
Patch 8.0,Kalista,0.1935883961967848
Patch 9.0,Kalista,0.1822584530982524
Patch 10.0,Kalista,0.16703902140737123
Patch 1.0,Karma,0.3073695577834492
Patch 2.0,Karma,0.29940520885634136
Patch 3.0,Karma,0.3131809382057121
Patch 4.0,Karma,0.33030110442118066
Patch 5.0,Karma,0.3383809016464082
Patch 6.0,Karma,0.3628622590769234
Patch 7.0,Karma,0.3266260099049241
Patch 8.0,Karma,0.309672534517753
Patch 9.0,Karma,0.3169853056809059
Patch 10.0,Karma,0.30578583221150446
Patch 1.0,Karthus,0.21460134075731588
Patch 2.0,Karthus,0.18283304923527696
Patch 3.0,Karthus,0.18306229972413482
Patch 4.0,Karthus,0.20679993484531745
Patch 5.0,Karthus,0.23471369576632367
Patch 6.0,Karthus,0.22894625962743492
Patch 7.0,Karthus,0.23427393141494984
Patch 8.0,Karthus,0.20726881814976783
Patch 9.0,Karthus,0.19264146118510875
Patch 10.0,Karthus,0.1920051238252362
Patch 1.0,Kassadin,0.18555404409838244
Patch 2.0,Kassadin,0.15895196756174393
Patch 3.0,Kassadin,0.1918293370269915
Patch 4.0,Kassadin,0.1881579766476282
Patch 5.0,Kassadin,0.22068070793396116
Patch 6.0,Kassadin,0.19570873164890346
Patch 7.0,Kassadin,0.20261290085444308
Patch 8.0,Kassadin,0.19542713581603458
Patch 9.0,Kassadin,0.1840209660091334
Patch 10.0,Kassadin,0.1808747295148671
Patch 1.0,Katarina,0.17675263114684697
Patch 2.0,Katarina,0.1649502139359284
Patch 3.0,Katarina,0.1831317742514413
Patch 4.0,Katarina,0.17727422146448565
Patch 5.0,Katarina,0.20338623509349982
Patch 6.0,Katarina,0.1758496029012686
Patch 7.0,Katarina,0.156158350425323
Patch 8.0,Katarina,0.17485903857283888
Patch 9.0,Katarina,0.19945863350735873
Patch 10.0,Katarina,0.16262995966674462
Patch 1.0,Kayle,0.09672046356133816
Patch 2.0,Kayle,0.07845772427628156
Patch 3.0,Kayle,0.11771708441340555
Patch 4.0,Kayle,0.11280812720530967
Patch 5.0,Kayle,0.10539542088513253
Patch 6.0,Kayle,0.08361662584918035
Patch 7.0,Kayle,0.10954363515841099
Patch 8.0,Kayle,0.12388435118864893
Patch 9.0,Kayle,0.09085530712562082
Patch 10.0,Kayle,0.11509111926627552
Patch 1.0,Kayn,0.2564738848354353
Patch 2.0,Kayn,0.23102617890928057
Patch 3.0,Kayn,0.26129836848779076
Patch 4.0,Kayn,0.21075553354988227
Patch 5.0,Kayn,0.2158992934292124
Patch 6.0,Kayn,0.20920137284836637
Patch 7.0,Kayn,0.2555033272989867
Patch 8.0,Kayn,0.23817228400540738
Patch 9.0,Kayn,0.26060388990033134
Patch 10.0,Kayn,0.22962170713840113
Patch 1.0,Kennen,0.09886243133327113
Patch 2.0,Kennen,0.06620758746877262
Patch 3.0,Kennen,0.07779527822225892
Patch 4.0,Kennen,0.06590610247298168
Patch 5.0,Kennen,0.10369943707575513
Patch 6.0,Kennen,0.09652763934424853
Patch 7.0,Kennen,0.08046060124441928
Patch 8.0,Kennen,0.0900845845346069
Patch 9.0,Kennen,0.08190625837003906
Patch 10.0,Kennen,0.0688325075053307
Patch 1.0,Khazix,0.21372493860344452
Patch 2.0,Khazix,0.19742586565846457
Patch 3.0,Khazix,0.2570013276482526
Patch 4.0,Khazix,0.24314934359437088
Patch 5.0,Khazix,0.2238131918460821
Patch 6.0,Khazix,0.21292118020900497
Patch 7.0,Khazix,0.20657320256003386
Patch 8.0,Khazix,0.2354023420289054
Patch 9.0,Khazix,0.20981909398840673
Patch 10.0,Khazix,0.20628221870322852
Patch 1.0,Kindred,0.17166794404565927
Patch 2.0,Kindred,0.17368381238704994
Patch 3.0,Kindred,0.19420828902486667
Patch 4.0,Kindred,0.1656671060202902
Patch 5.0,Kindred,0.20658289273019367
Patch 6.0,Kindred,0.22489438613454582
Patch 7.0,Kindred,0.2004312699768658
Patch 8.0,Kindred,0.18356202266786137
Patch 9.0,Kindred,0.18515742499762725
Patch 10.0,Kindred,0.16619697080775264
Patch 1.0,Kled,0.13041165797388604
Patch 2.0,Kled,0.10018837056263365
Patch 3.0,Kled,0.08718994890877636
Patch 4.0,Kled,0.11798020692903032
Patch 5.0,Kled,0.1089570783763211
Patch 6.0,Kled,0.1217795459984987
Patch 7.0,Kled,0.10160122433134966
Patch 8.0,Kled,0.05
Patch 9.0,Kled,0.13402543557272592
Patch 10.0,Kled,0.08974783199323637
Patch 1.0,KogMaw,0.2488052402091252
Patch 2.0,KogMaw,0.18509851937466482
Patch 3.0,KogMaw,0.26096980914393386
Patch 4.0,KogMaw,0.236742989627381
Patch 5.0,KogMaw,0.23882565664147684
Patch 6.0,KogMaw,0.23163185322725371
Patch 7.0,KogMaw,0.23681568226593344
Patch 8.0,KogMaw,0.25540863323837354
Patch 9.0,KogMaw,0.24321990304566388
Patch 10.0,KogMaw,0.2181177526098467
Patch 1.0,Leblanc,0.26003283400229804
Patch 2.0,Leblanc,0.26639602033747783
Patch 3.0,Leblanc,0.2794272833440139
Patch 4.0,Leblanc,0.2654488816124879
Patch 5.0,Leblanc,0.29235814682231126
Patch 6.0,Leblanc,0.25453762459469054
Patch 7.0,Leblanc,0.2454374757714942
Patch 8.0,Leblanc,0.25808182523875167
Patch 9.0,Leblanc,0.28165965840411794
Patch 10.0,Leblanc,0.2303975340401169
Patch 1.0,LeeSin,0.25492397927537835
Patch 2.0,LeeSin,0.2926049438288325
Patch 3.0,LeeSin,0.2997498206328925
Patch 4.0,LeeSin,0.3023783004636221
Patch 5.0,LeeSin,0.255763288235547
Patch 6.0,LeeSin,0.2989337660407769
Patch 7.0,LeeSin,0.3067708609195976
Patch 8.0,LeeSin,0.323287741934934
Patch 9.0,LeeSin,0.31742676756653104
Patch 10.0,LeeSin,0.28199665121341827
Patch 1.0,Leona,0.22336338630027017
Patch 2.0,Leona,0.251442198774577
Patch 3.0,Leona,0.2433670243783136
Patch 4.0,Leona,0.21741351518125016
Patch 5.0,Leona,0.27926770959228914
Patch 6.0,Leona,0.21410077480261944
Patch 7.0,Leona,0.23131095181297082
Patch 8.0,Leona,0.25449080355139625
Patch 9.0,Leona,0.22632073759740698
Patch 10.0,Leona,0.22471102676813062
Patch 1.0,Lillia,0.14476043512952605
Patch 2.0,Lillia,0.16465537163356636
Patch 3.0,Lillia,0.18347471898551335
Patch 4.0,Lillia,0.1688306421735191
Patch 5.0,Lillia,0.17732771929790153
Patch 6.0,Lillia,0.15457404834901756
Patch 7.0,Lillia,0.20655209749788797
Patch 8.0,Lillia,0.20409121713438952
Patch 9.0,Lillia,0.17743030106012891
Patch 10.0,Lillia,0.1674205907219262
Patch 1.0,Lissandra,0.2261251748501353
Patch 2.0,Lissandra,0.20703303819626084
Patch 3.0,Lissandra,0.19781534620007354
Patch 4.0,Lissandra,0.2139057911801794
Patch 5.0,Lissandra,0.22576266604908007
Patch 6.0,Lissandra,0.14724132873541
Patch 7.0,Lissandra,0.18946720787432295
Patch 8.0,Lissandra,0.17432893035612335
Patch 9.0,Lissandra,0.18572605149061341
Patch 10.0,Lissandra,0.19904646606148915
Patch 1.0,Lucian,0.2693629276844847
Patch 2.0,Lucian,0.2645047678588025
Patch 3.0,Lucian,0.27317577328462145
Patch 4.0,Lucian,0.2959969063219361
Patch 5.0,Lucian,0.2694799023525095
Patch 6.0,Lucian,0.24749932224988155
Patch 7.0,Lucian,0.2796562107948481
Patch 8.0,Lucian,0.26671077676923943
Patch 9.0,Lucian,0.26683358721523787
Patch 10.0,Lucian,0.2640708199185285
Patch 1.0,Lulu,0.31032492061635303
Patch 2.0,Lulu,0.2904239773234378
Patch 3.0,Lulu,0.33311826425640945
Patch 4.0,Lulu,0.29666757240177705
Patch 5.0,Lulu,0.3204394445956825
Patch 6.0,Lulu,0.3510217106200369
Patch 7.0,Lulu,0.33382973974932156
Patch 8.0,Lulu,0.35204464661041845
Patch 9.0,Lulu,0.3289686010904654
Patch 10.0,Lulu,0.3373598565899932
Patch 1.0,Lux,0.3249834093017374
Patch 2.0,Lux,0.3152148693601096
Patch 3.0,Lux,0.29186361075589123
Patch 4.0,Lux,0.3283193099914188
Patch 5.0,Lux,0.33865278787269715
Patch 6.0,Lux,0.3172483614786801
Patch 7.0,Lux,0.32175519357279925
Patch 8.0,Lux,0.3226599185160112
Patch 9.0,Lux,0.31594652090843844
Patch 10.0,Lux,0.33494369791446404
Patch 1.0,Malphite,0.24303725603847634
Patch 2.0,Malphite,0.21864485465053565
Patch 3.0,Malphite,0.2447271310455092
Patch 4.0,Malphite,0.2284880006061447
Patch 5.0,Malphite,0.22310445758363023
Patch 6.0,Malphite,0.20466295471666418
Patch 7.0,Malphite,0.2134653141765349
Patch 8.0,Malphite,0.22693910376956683
Patch 9.0,Malphite,0.1710843274599601
Patch 10.0,Malphite,0.1893953445198132
Patch 1.0,Malzahar,0.22011210693935815
Patch 2.0,Malzahar,0.20035493441059307
Patch 3.0,Malzahar,0.16556163535458182
Patch 4.0,Malzahar,0.20707120158247505
Patch 5.0,Malzahar,0.21454665619421603
Patch 6.0,Malzahar,0.21680418234060247
Patch 7.0,Malzahar,0.21733315707313533
Patch 8.0,Malzahar,0.19606924647291085
Patch 9.0,Malzahar,0.2147300548395487
Patch 10.0,Malzahar,0.20561568721999612
Patch 1.0,Maokai,0.17821822950554758
Patch 2.0,Maokai,0.2156408401408894
Patch 3.0,Maokai,0.1933275223060271
Patch 4.0,Maokai,0.17246365651549442
Patch 5.0,Maokai,0.19669193281837738
Patch 6.0,Maokai,0.15437744136169168
Patch 7.0,Maokai,0.1733314873622458
Patch 8.0,Maokai,0.18713462432240147
Patch 9.0,Maokai,0.18751584909318036
Patch 10.0,Maokai,0.1888725466667862
Patch 1.0,MasterYi,0.21717754535882652
Patch 2.0,MasterYi,0.19769911932840553
Patch 3.0,MasterYi,0.21440125494685894
Patch 4.0,MasterYi,0.21576130672509453
Patch 5.0,MasterYi,0.23229804313482022
Patch 6.0,MasterYi,0.22959330997451421
Patch 7.0,MasterYi,0.2205060539735004
Patch 8.0,MasterYi,0.24029436755080183
Patch 9.0,MasterYi,0.20112015109830522
Patch 10.0,MasterYi,0.2290952174309336
Patch 1.0,Milio,0.2565088726714349
Patch 2.0,Milio,0.2735715808960863
Patch 3.0,Milio,0.24414088829313738
Patch 4.0,Milio,0.2644282009565178
Patch 5.0,Milio,0.29080846343578526
Patch 6.0,Milio,0.24405085425280468
Patch 7.0,Milio,0.28363200999192156
Patch 8.0,Milio,0.27010463466331525
Patch 9.0,Milio,0.2615121343286925
Patch 10.0,Milio,0.253224112110854
Patch 1.0,MissFortune,0.302591223407148
Patch 2.0,MissFortune,0.2714344694457424
Patch 3.0,MissFortune,0.27522698507096327
Patch 4.0,MissFortune,0.30131220031077643
Patch 5.0,MissFortune,0.25370513120265076
Patch 6.0,MissFortune,0.3023877330147828
Patch 7.0,MissFortune,0.24100224499695486
Patch 8.0,MissFortune,0.2602365794144661
Patch 9.0,MissFortune,0.29429075886316947
Patch 10.0,MissFortune,0.3028386238205817
Patch 1.0,MonkeyKing,0.1762947962243921
Patch 2.0,MonkeyKing,0.21679487495301356
Patch 3.0,MonkeyKing,0.22770950131959838
Patch 4.0,MonkeyKing,0.2031908663237473
Patch 5.0,MonkeyKing,0.21197112749831903
Patch 6.0,MonkeyKing,0.22082445453991933
Patch 7.0,MonkeyKing,0.23081722057030155
Patch 8.0,MonkeyKing,0.20029183400518547
Patch 9.0,MonkeyKing,0.23219589398106733
Patch 10.0,MonkeyKing,0.24930659100437783
Patch 1.0,Mordekaiser,0.14705528254201367
Patch 2.0,Mordekaiser,0.18047644171035818
Patch 3.0,Mordekaiser,0.1817903844753837
Patch 4.0,Mordekaiser,0.1650540465156113
Patch 5.0,Mordekaiser,0.14402818237377626
Patch 6.0,Mordekaiser,0.1540711350579081
Patch 7.0,Mordekaiser,0.15751147825841721
Patch 8.0,Mordekaiser,0.1935303393608426
Patch 9.0,Mordekaiser,0.17030881656827165
Patch 10.0,Mordekaiser,0.18177000536775584
Patch 1.0,Morgana,0.20382477453272613
Patch 2.0,Morgana,0.21695289097432607
Patch 3.0,Morgana,0.16483278485539712
Patch 4.0,Morgana,0.1911615533963765
Patch 5.0,Morgana,0.19753777195228583
Patch 6.0,Morgana,0.11688847473218222
Patch 7.0,Morgana,0.17852783573089262
Patch 8.0,Morgana,0.18139008874611773
Patch 9.0,Morgana,0.15218686876292153
Patch 10.0,Morgana,0.17903041540858722
Patch 1.0,Naafiri,0.1387148966354786
Patch 2.0,Naafiri,0.08734304646913507
Patch 3.0,Naafiri,0.08487426662463197
Patch 4.0,Naafiri,0.13108456991813117
Patch 5.0,Naafiri,0.10063345797517473
Patch 6.0,Naafiri,0.07980438691025728
Patch 7.0,Naafiri,0.11319707253680975
Patch 8.0,Naafiri,0.07886486591440431
Patch 9.0,Naafiri,0.09549173476363167
Patch 10.0,Naafiri,0.09263255661976778
Patch 1.0,Nami,0.2763316027280992
Patch 2.0,Nami,0.2947385416312568
Patch 3.0,Nami,0.2822241241926037
Patch 4.0,Nami,0.26445519249798666
Patch 5.0,Nami,0.299418838495211
Patch 6.0,Nami,0.3048307449510143
Patch 7.0,Nami,0.2899486374491021
Patch 8.0,Nami,0.32228470394139086
Patch 9.0,Nami,0.28032919983455784
Patch 10.0,Nami,0.2873815946317938
Patch 1.0,Nasus,0.17120391320745879
Patch 2.0,Nasus,0.2119826382756433
Patch 3.0,Nasus,0.18287029378098024
Patch 4.0,Nasus,0.1647997854926849
Patch 5.0,Nasus,0.14887178354039862
Patch 6.0,Nasus,0.1534369021272503
Patch 7.0,Nasus,0.1447571159126969
Patch 8.0,Nasus,0.15447864119102617
Patch 9.0,Nasus,0.13973745095373122
Patch 10.0,Nasus,0.15243692791445707
Patch 1.0,Nautilus,0.3025569007720634
Patch 2.0,Nautilus,0.27257861823650326
Patch 3.0,Nautilus,0.3013388415397998
Patch 4.0,Nautilus,0.2575435026054791
Patch 5.0,Nautilus,0.3077315493174234
Patch 6.0,Nautilus,0.2929851402170988
Patch 7.0,Nautilus,0.2878969389428066
Patch 8.0,Nautilus,0.3080907827515288
Patch 9.0,Nautilus,0.30293371382557716
Patch 10.0,Nautilus,0.30273476861843374
Patch 1.0,Neeko,0.1903889748580621
Patch 2.0,Neeko,0.16022910219158018
Patch 3.0,Neeko,0.15669549875988098
Patch 4.0,Neeko,0.16530216872129935
Patch 5.0,Neeko,0.16028945994974564
Patch 6.0,Neeko,0.20201680531925767
Patch 7.0,Neeko,0.17074723847253706
Patch 8.0,Neeko,0.16563587451280126
Patch 9.0,Neeko,0.12531670629147196
Patch 10.0,Neeko,0.17770641275923593
Patch 1.0,Nidalee,0.14852487365823092
Patch 2.0,Nidalee,0.13804421532234945
Patch 3.0,Nidalee,0.194802692953135
Patch 4.0,Nidalee,0.14938443168425727
Patch 5.0,Nidalee,0.13467628612102012
Patch 6.0,Nidalee,0.15527470309919625
Patch 7.0,Nidalee,0.1796994921523103
Patch 8.0,Nidalee,0.12608997214250356
Patch 9.0,Nidalee,0.13720908573619137
Patch 10.0,Nidalee,0.19088014016099666
Patch 1.0,Nilah,0.1561180971212561
Patch 2.0,Nilah,0.14093763662243972
Patch 3.0,Nilah,0.13225382361880342
Patch 4.0,Nilah,0.1474536320098112
Patch 5.0,Nilah,0.16727786439087622
Patch 6.0,Nilah,0.18275871396553553
Patch 7.0,Nilah,0.16624692482207168
Patch 8.0,Nilah,0.1567027576770435
Patch 9.0,Nilah,0.1794064771419626
Patch 10.0,Nilah,0.15685472523708505
Patch 1.0,Nocturne,0.19827866715515596
Patch 2.0,Nocturne,0.19033824932058546
Patch 3.0,Nocturne,0.19891063408030643
Patch 4.0,Nocturne,0.21168692221464838
Patch 5.0,Nocturne,0.21657214740069275
Patch 6.0,Nocturne,0.23243354062622093
Patch 7.0,Nocturne,0.17180740713731793
Patch 8.0,Nocturne,0.17223019520816674
Patch 9.0,Nocturne,0.20814221030424102
Patch 10.0,Nocturne,0.2145252339247712
Patch 1.0,Nunu,0.16015571077407834
Patch 2.0,Nunu,0.19850103245991024
Patch 3.0,Nunu,0.12927655624531975
Patch 4.0,Nunu,0.15830002492223694
Patch 5.0,Nunu,0.14083158361353937
Patch 6.0,Nunu,0.15602334213902475
Patch 7.0,Nunu,0.1369152288375056
Patch 8.0,Nunu,0.135357290491661
Patch 9.0,Nunu,0.14800057091149188
Patch 10.0,Nunu,0.17919785860442627
Patch 1.0,Olaf,0.1678542753933267
Patch 2.0,Olaf,0.13010893885417602
Patch 3.0,Olaf,0.1269404767258795
Patch 4.0,Olaf,0.15038028122825056
Patch 5.0,Olaf,0.17675775874764116
Patch 6.0,Olaf,0.19029941342916418
Patch 7.0,Olaf,0.1397691073831207
Patch 8.0,Olaf,0.1612360052068512
Patch 9.0,Olaf,0.19135994563172207
Patch 10.0,Olaf,0.1709258404034231
Patch 1.0,Orianna,0.1983320429527298
Patch 2.0,Orianna,0.14979064903119035
Patch 3.0,Orianna,0.1590480973368063
Patch 4.0,Orianna,0.17084743598052873
Patch 5.0,Orianna,0.17327335671007005
Patch 6.0,Orianna,0.1810816850844993
Patch 7.0,Orianna,0.19730874515681718
Patch 8.0,Orianna,0.22580780981392465
Patch 9.0,Orianna,0.17173852577237886
Patch 10.0,Orianna,0.13861116239612248
Patch 1.0,Ornn,0.20170893829856368
Patch 2.0,Ornn,0.20258113926964014
Patch 3.0,Ornn,0.1682871029214107
Patch 4.0,Ornn,0.170458690499425
Patch 5.0,Ornn,0.21464407735244295
Patch 6.0,Ornn,0.17008378392626042
Patch 7.0,Ornn,0.1717603749201434
Patch 8.0,Ornn,0.16082049818792604
Patch 9.0,Ornn,0.17401671983028144
Patch 10.0,Ornn,0.1902210201693831
Patch 1.0,Pantheon,0.20372374154567321
Patch 2.0,Pantheon,0.19728444320972963
Patch 3.0,Pantheon,0.22748500804404886
Patch 4.0,Pantheon,0.21168791729148703
Patch 5.0,Pantheon,0.226035102931352
Patch 6.0,Pantheon,0.19298132941994345
Patch 7.0,Pantheon,0.22876663246625822
Patch 8.0,Pantheon,0.20480686502548232
Patch 9.0,Pantheon,0.20971988798519348
Patch 10.0,Pantheon,0.23324334599749025
Patch 1.0,Poppy,0.2675691577127073
Patch 2.0,Poppy,0.22570497549251972
Patch 3.0,Poppy,0.2311577986315912
Patch 4.0,Poppy,0.24393088285612438
Patch 5.0,Poppy,0.21473284575310028
Patch 6.0,Poppy,0.21433097735046097
Patch 7.0,Poppy,0.2696606243772516
Patch 8.0,Poppy,0.21638294817671372
Patch 9.0,Poppy,0.2170392499441391
Patch 10.0,Poppy,0.22746177552512598
Patch 1.0,Pyke,0.19580330086422923
Patch 2.0,Pyke,0.19945813300591483
Patch 3.0,Pyke,0.24212504672142351
Patch 4.0,Pyke,0.20962205525923347
Patch 5.0,Pyke,0.22291786659415758
Patch 6.0,Pyke,0.23295887691908423
Patch 7.0,Pyke,0.21764241901069972
Patch 8.0,Pyke,0.21241059313929164
Patch 9.0,Pyke,0.2914837158757748
Patch 10.0,Pyke,0.21986739479237133
Patch 1.0,Qiyana,0.10534802373390063
Patch 2.0,Qiyana,0.13051926554342225
Patch 3.0,Qiyana,0.09442441338716887
Patch 4.0,Qiyana,0.1455845291955317
Patch 5.0,Qiyana,0.14040943386309282
Patch 6.0,Qiyana,0.13352791034396577
Patch 7.0,Qiyana,0.10774782893904958
Patch 8.0,Qiyana,0.11824940171833122
Patch 9.0,Qiyana,0.13641013287543516
Patch 10.0,Qiyana,0.13291285618092685
Patch 1.0,Quinn,0.14304422886693047
Patch 2.0,Quinn,0.17469786053280098
Patch 3.0,Quinn,0.1634125031037083
Patch 4.0,Quinn,0.14204156847908184
Patch 5.0,Quinn,0.16551560114415642
Patch 6.0,Quinn,0.12887964654051132
Patch 7.0,Quinn,0.13768497025895776
Patch 8.0,Quinn,0.1735991953277666
Patch 9.0,Quinn,0.13052866624203932
Patch 10.0,Quinn,0.18049173539608038
Patch 1.0,Rakan,0.25176458468765156
Patch 2.0,Rakan,0.2926446224536524
Patch 3.0,Rakan,0.2965998789525787
Patch 4.0,Rakan,0.2456740359497381
Patch 5.0,Rakan,0.26304521066484654
Patch 6.0,Rakan,0.29194039828847435
Patch 7.0,Rakan,0.28514645887265233
Patch 8.0,Rakan,0.25403570446618884
Patch 9.0,Rakan,0.2541454819947228
Patch 10.0,Rakan,0.28564200083207747
Patch 1.0,Rammus,0.17441540409282433
Patch 2.0,Rammus,0.13655935905863384
Patch 3.0,Rammus,0.19831271658833532
Patch 4.0,Rammus,0.12075443950798564
Patch 5.0,Rammus,0.18207049891170196
Patch 6.0,Rammus,0.1720246863144253
Patch 7.0,Rammus,0.14797278334285602
Patch 8.0,Rammus,0.13634888480358304
Patch 9.0,Rammus,0.15338386059192868
Patch 10.0,Rammus,0.14606605827757096
Patch 1.0,RekSai,0.18817743251961083
Patch 2.0,RekSai,0.23116446198535445
Patch 3.0,RekSai,0.1856241603462888
Patch 4.0,RekSai,0.2152258912077164
Patch 5.0,RekSai,0.20419221027983567
Patch 6.0,RekSai,0.22259675158080508
Patch 7.0,RekSai,0.19697232940068055
Patch 8.0,RekSai,0.2045412672199508
Patch 9.0,RekSai,0.19310254062340457
Patch 10.0,RekSai,0.2232692981703288
Patch 1.0,Rell,0.22045535527132898
Patch 2.0,Rell,0.19202603200796278
Patch 3.0,Rell,0.16306196694813668
Patch 4.0,Rell,0.20996448903402531
Patch 5.0,Rell,0.21345673060916262
Patch 6.0,Rell,0.1839889664717213
Patch 7.0,Rell,0.23927512088091718
Patch 8.0,Rell,0.21872290675326966
Patch 9.0,Rell,0.19366776898250093
Patch 10.0,Rell,0.19006942415756173
Patch 1.0,Renata,0.17508433573790477
Patch 2.0,Renata,0.16450419907295633
Patch 3.0,Renata,0.12427103254392452
Patch 4.0,Renata,0.1547181468393045
Patch 5.0,Renata,0.1310725728403629
Patch 6.0,Renata,0.16651510404951758
Patch 7.0,Renata,0.12866471420182207
Patch 8.0,Renata,0.1788590500858522
Patch 9.0,Renata,0.18531830148462847
Patch 10.0,Renata,0.14280437229903012
Patch 1.0,Renekton,0.2533296186993182
Patch 2.0,Renekton,0.2581750416407561
Patch 3.0,Renekton,0.22420160146769963
Patch 4.0,Renekton,0.23038447401474482
Patch 5.0,Renekton,0.20367120172212175
Patch 6.0,Renekton,0.19408850024971414
Patch 7.0,Renekton,0.218780169667969
Patch 8.0,Renekton,0.23624286305749176
Patch 9.0,Renekton,0.23067146099740415
Patch 10.0,Renekton,0.23747982376023594
Patch 1.0,Rengar,0.21153940642194302
Patch 2.0,Rengar,0.19878363730832432
Patch 3.0,Rengar,0.21382362805303365
Patch 4.0,Rengar,0.1875682148229088
Patch 5.0,Rengar,0.21171784859617182
Patch 6.0,Rengar,0.18929257629914417
Patch 7.0,Rengar,0.17264543460397688
Patch 8.0,Rengar,0.20784244648267053
Patch 9.0,Rengar,0.173825451408716
Patch 10.0,Rengar,0.1939696184828814
Patch 1.0,Riven,0.21094587757821595
Patch 2.0,Riven,0.20777536116993026
Patch 3.0,Riven,0.2209719489179102
Patch 4.0,Riven,0.20651138664200147
Patch 5.0,Riven,0.24315190338116308
Patch 6.0,Riven,0.21604291548810345
Patch 7.0,Riven,0.23188165813651718
Patch 8.0,Riven,0.23481368888760795
Patch 9.0,Riven,0.2275385328680678
Patch 10.0,Riven,0.21755060747456537
Patch 1.0,Rumble,0.16926862790829794
Patch 2.0,Rumble,0.19975763765525267
Patch 3.0,Rumble,0.1884921837303327
Patch 4.0,Rumble,0.17106892865382323
Patch 5.0,Rumble,0.21621927962773402
Patch 6.0,Rumble,0.1767592425659665
Patch 7.0,Rumble,0.1828097346718214
Patch 8.0,Rumble,0.16334348053310055
Patch 9.0,Rumble,0.2040082070118923
Patch 10.0,Rumble,0.19512518650979896
Patch 1.0,Ryze,0.23423977520033779
Patch 2.0,Ryze,0.2452934750666744
Patch 3.0,Ryze,0.18789605077090313
Patch 4.0,Ryze,0.2086775018447314
Patch 5.0,Ryze,0.16235791113015158
Patch 6.0,Ryze,0.19010690755921938
Patch 7.0,Ryze,0.15319859896943605
Patch 8.0,Ryze,0.1718852221791432
Patch 9.0,Ryze,0.18266618871715412
Patch 10.0,Ryze,0.18822336159216632
Patch 1.0,Samira,0.1961870529354455
Patch 2.0,Samira,0.22012685620211694
Patch 3.0,Samira,0.21146898064844466
Patch 4.0,Samira,0.24907906083224393
Patch 5.0,Samira,0.2276905005856078
Patch 6.0,Samira,0.2339526491843398
Patch 7.0,Samira,0.23417308407306173
Patch 8.0,Samira,0.25723212580990085
Patch 9.0,Samira,0.22892210088705267
Patch 10.0,Samira,0.2571498100150417
Patch 1.0,Sejuani,0.1658825737883227
Patch 2.0,Sejuani,0.13593610043247617
Patch 3.0,Sejuani,0.16359092786447793
Patch 4.0,Sejuani,0.19075358325775865
Patch 5.0,Sejuani,0.16085890389800156
Patch 6.0,Sejuani,0.15414841109431493
Patch 7.0,Sejuani,0.1444344922452679
Patch 8.0,Sejuani,0.17418701273627904
Patch 9.0,Sejuani,0.18430293798743816
Patch 10.0,Sejuani,0.16639665770854434
Patch 1.0,Senna,0.32849482992386436
Patch 2.0,Senna,0.3258915307037719
Patch 3.0,Senna,0.3152165169016713
Patch 4.0,Senna,0.30896797359755807
Patch 5.0,Senna,0.3117691005193949
Patch 6.0,Senna,0.3190255106244594
Patch 7.0,Senna,0.3235848759643081
Patch 8.0,Senna,0.30691181028079134
Patch 9.0,Senna,0.32374651726505416
Patch 10.0,Senna,0.2871370661923536
Patch 1.0,Seraphine,0.27264029757436437
Patch 2.0,Seraphine,0.24076005799784966
Patch 3.0,Seraphine,0.2752365159121288
Patch 4.0,Seraphine,0.2675215842844494
Patch 5.0,Seraphine,0.25563457648514676
Patch 6.0,Seraphine,0.2839134951790889
Patch 7.0,Seraphine,0.2776350402996364
Patch 8.0,Seraphine,0.3115253604879694
Patch 9.0,Seraphine,0.2635525679352851
Patch 10.0,Seraphine,0.24016458930800524
Patch 1.0,Sett,0.10142904813617257
Patch 2.0,Sett,0.11166907097218723
Patch 3.0,Sett,0.11647008009369088
Patch 4.0,Sett,0.09450524732052101
Patch 5.0,Sett,0.14086611114867922
Patch 6.0,Sett,0.13008817628589736
Patch 7.0,Sett,0.10370602560053663
Patch 8.0,Sett,0.13485302585772246
Patch 9.0,Sett,0.1549991374322683
Patch 10.0,Sett,0.08769911889382664
Patch 1.0,Shaco,0.18902761247706487
Patch 2.0,Shaco,0.18547989764553283
Patch 3.0,Shaco,0.21482989248574852
Patch 4.0,Shaco,0.1829905412472256
Patch 5.0,Shaco,0.20201702094619137
Patch 6.0,Shaco,0.20005305423762829
Patch 7.0,Shaco,0.17859102805903718
Patch 8.0,Shaco,0.16838347974987722
Patch 9.0,Shaco,0.16388710406592258
Patch 10.0,Shaco,0.16384847182746023
Patch 1.0,Shen,0.22853336177449632
Patch 2.0,Shen,0.2614986183265085
Patch 3.0,Shen,0.19646376375286517
Patch 4.0,Shen,0.1819875562518064
Patch 5.0,Shen,0.20545905869815012
Patch 6.0,Shen,0.24699089227146281
Patch 7.0,Shen,0.18835944575495764
Patch 8.0,Shen,0.2177054913232751
Patch 9.0,Shen,0.16850095216949537
Patch 10.0,Shen,0.22690695939303804
Patch 1.0,Shyvana,0.12951136292930795
Patch 2.0,Shyvana,0.12488983467863787
Patch 3.0,Shyvana,0.13938538228075578
Patch 4.0,Shyvana,0.1664506992312507
Patch 5.0,Shyvana,0.17591957446106277
Patch 6.0,Shyvana,0.15289246955066735
Patch 7.0,Shyvana,0.13203508931642788
Patch 8.0,Shyvana,0.1620189772390765
Patch 9.0,Shyvana,0.156241729753921
Patch 10.0,Shyvana,0.15893171716360457
Patch 1.0,Singed,0.13821907782213588
Patch 2.0,Singed,0.16457576686832706
Patch 3.0,Singed,0.13165304944502293
Patch 4.0,Singed,0.1630354841651283
Patch 5.0,Singed,0.14631011194485646
Patch 6.0,Singed,0.11181903181009523
Patch 7.0,Singed,0.14111502204526893
Patch 8.0,Singed,0.14251097920791836
Patch 9.0,Singed,0.1614295635032151
Patch 10.0,Singed,0.1443791087627108
Patch 1.0,Sion,0.19119920856410433
Patch 2.0,Sion,0.15492441361295953
Patch 3.0,Sion,0.16723343385441888
Patch 4.0,Sion,0.15089377802544926
Patch 5.0,Sion,0.1399692069796406
Patch 6.0,Sion,0.14236398917873372
Patch 7.0,Sion,0.1680008791568697
Patch 8.0,Sion,0.1595349204077227
Patch 9.0,Sion,0.15994001615765355
Patch 10.0,Sion,0.13654767330374576
Patch 1.0,Sivir,0.23204459873835914
Patch 2.0,Sivir,0.23472599037832068
Patch 3.0,Sivir,0.2272232870379876
Patch 4.0,Sivir,0.2577810229258499
Patch 5.0,Sivir,0.22556200748746502
Patch 6.0,Sivir,0.25900964596706544
Patch 7.0,Sivir,0.20350507088182412
Patch 8.0,Sivir,0.2940365226320728
Patch 9.0,Sivir,0.22100548768380074
Patch 10.0,Sivir,0.2294193338391466
Patch 1.0,Skarner,0.25202727984864476
Patch 2.0,Skarner,0.2062280896100314
Patch 3.0,Skarner,0.15145644873654868
Patch 4.0,Skarner,0.17505388527569135
Patch 5.0,Skarner,0.1961988446678853
Patch 6.0,Skarner,0.1662063432009885
Patch 7.0,Skarner,0.1899552260521522
Patch 8.0,Skarner,0.2215465621832957
Patch 9.0,Skarner,0.18089097475142954
Patch 10.0,Skarner,0.1760221638681464
Patch 1.0,Smolder,0.23145328781130162
Patch 2.0,Smolder,0.1941372510621638
Patch 3.0,Smolder,0.2312415441983384
Patch 4.0,Smolder,0.23721814252411302
Patch 5.0,Smolder,0.24162080118899307
Patch 6.0,Smolder,0.21478784178972626
Patch 7.0,Smolder,0.2255302506031234
Patch 8.0,Smolder,0.18247178059067742
Patch 9.0,Smolder,0.20247086851046456
Patch 10.0,Smolder,0.2689927848174873
Patch 1.0,Sona,0.19771999477558214
Patch 2.0,Sona,0.1760747419079679
Patch 3.0,Sona,0.2214181471369224
Patch 4.0,Sona,0.18075628937663918
Patch 5.0,Sona,0.15067670857049617
Patch 6.0,Sona,0.22113521175509313
Patch 7.0,Sona,0.159371261684811
Patch 8.0,Sona,0.17670005861775923
Patch 9.0,Sona,0.19206901298183268
Patch 10.0,Sona,0.19749307434877944
Patch 1.0,Soraka,0.2768242473861743
Patch 2.0,Soraka,0.25619738029517863
Patch 3.0,Soraka,0.2868602403890152
Patch 4.0,Soraka,0.26688446084974077
Patch 5.0,Soraka,0.28949566922783404
Patch 6.0,Soraka,0.26200215581504466
Patch 7.0,Soraka,0.26610301697815514
Patch 8.0,Soraka,0.23305484446085534
Patch 9.0,Soraka,0.25397294601088877
Patch 10.0,Soraka,0.26740542635362197
Patch 1.0,Swain,0.2326478770514966
Patch 2.0,Swain,0.24267085447368403
Patch 3.0,Swain,0.22515201629186316
Patch 4.0,Swain,0.27002702960443326
Patch 5.0,Swain,0.25475420532007303
Patch 6.0,Swain,0.24864772155862574
Patch 7.0,Swain,0.24969935910966998
Patch 8.0,Swain,0.247804816270624
Patch 9.0,Swain,0.23156945689913283
Patch 10.0,Swain,0.2547794672941761
Patch 1.0,Sylas,0.15998401168556042
Patch 2.0,Sylas,0.20104966262748275
Patch 3.0,Sylas,0.23918547684691788
Patch 4.0,Sylas,0.1912767300074823
Patch 5.0,Sylas,0.20133141854630987
Patch 6.0,Sylas,0.19675220912096392
Patch 7.0,Sylas,0.23933103278523757
Patch 8.0,Sylas,0.20535149066404174
Patch 9.0,Sylas,0.2087399398755165
Patch 10.0,Sylas,0.2074745622787447
Patch 1.0,Syndra,0.19512788072838827
Patch 2.0,Syndra,0.18872198426535264
Patch 3.0,Syndra,0.21120202627828172
Patch 4.0,Syndra,0.19920569373121358
Patch 5.0,Syndra,0.2276681633438357
Patch 6.0,Syndra,0.1751373855447901
Patch 7.0,Syndra,0.1716680168061422
Patch 8.0,Syndra,0.18129150200650282
Patch 9.0,Syndra,0.18090561458672444
Patch 10.0,Syndra,0.18199993413785628
Patch 1.0,TahmKench,0.21886741346279415
Patch 2.0,TahmKench,0.22057180388203873
Patch 3.0,TahmKench,0.20734727068033298
Patch 4.0,TahmKench,0.25823929736689694
Patch 5.0,TahmKench,0.26047249966947006
Patch 6.0,TahmKench,0.285466626917744
Patch 7.0,TahmKench,0.261451442169923
Patch 8.0,TahmKench,0.22726878064174022
Patch 9.0,TahmKench,0.19100521158324
Patch 10.0,TahmKench,0.21196050675004455
Patch 1.0,Taliyah,0.2151923654234658
Patch 2.0,Taliyah,0.23853631894948535
Patch 3.0,Taliyah,0.2619729976525904
Patch 4.0,Taliyah,0.1927187810360108
Patch 5.0,Taliyah,0.21581931612194954
Patch 6.0,Taliyah,0.2216228635904733
Patch 7.0,Taliyah,0.18035533183801056
Patch 8.0,Taliyah,0.23581170619072006
Patch 9.0,Taliyah,0.22970706140627087
Patch 10.0,Taliyah,0.21499643128531726
Patch 1.0,Talon,0.2135862775532505
Patch 2.0,Talon,0.19449183493396927
Patch 3.0,Talon,0.2588532077251446
Patch 4.0,Talon,0.21075271227096257
Patch 5.0,Talon,0.1920442537558304
Patch 6.0,Talon,0.2145509123493015
Patch 7.0,Talon,0.2291386208524787
Patch 8.0,Talon,0.21824658190051177
Patch 9.0,Talon,0.23188648447870905
Patch 10.0,Talon,0.22574759646952958
Patch 1.0,Taric,0.1997584726065782
Patch 2.0,Taric,0.1497997800655728
Patch 3.0,Taric,0.18455400261696514
Patch 4.0,Taric,0.1721113785031936
Patch 5.0,Taric,0.14697353093496407
Patch 6.0,Taric,0.1813011117659304
Patch 7.0,Taric,0.178228973820423
Patch 8.0,Taric,0.1561928757223332
Patch 9.0,Taric,0.18937629974552303
Patch 10.0,Taric,0.11505458209203018
Patch 1.0,Teemo,0.12426781303616614
Patch 2.0,Teemo,0.14699837316764822
Patch 3.0,Teemo,0.10404844041704875
Patch 4.0,Teemo,0.08789456605758678
Patch 5.0,Teemo,0.11677797328287015
Patch 6.0,Teemo,0.11797984070676133
Patch 7.0,Teemo,0.13105790512528415
Patch 8.0,Teemo,0.106620270498655
Patch 9.0,Teemo,0.11484180594595637
Patch 10.0,Teemo,0.09408155105157041
Patch 1.0,Thresh,0.23961788523910718
Patch 2.0,Thresh,0.28411031848320384
Patch 3.0,Thresh,0.25985863651151475
Patch 4.0,Thresh,0.2366306675986405
Patch 5.0,Thresh,0.23452463863331402
Patch 6.0,Thresh,0.26660968922291955
Patch 7.0,Thresh,0.26709876989100323
Patch 8.0,Thresh,0.24247034425370953
Patch 9.0,Thresh,0.23915208170974778
Patch 10.0,Thresh,0.24704759238072824
Patch 1.0,Tristana,0.25738080659737117
Patch 2.0,Tristana,0.22387992376075247
Patch 3.0,Tristana,0.19614815493714793
Patch 4.0,Tristana,0.2460551057358462
Patch 5.0,Tristana,0.20645165776624758
Patch 6.0,Tristana,0.2138405869265502
Patch 7.0,Tristana,0.23178387503148945
Patch 8.0,Tristana,0.27238356195724944
Patch 9.0,Tristana,0.2393761909464345
Patch 10.0,Tristana,0.2042780147399573
Patch 1.0,Trundle,0.20704254612887074
Patch 2.0,Trundle,0.17845723385499757
Patch 3.0,Trundle,0.1579140155383711
Patch 4.0,Trundle,0.17712784197697531
Patch 5.0,Trundle,0.21957782002706955
Patch 6.0,Trundle,0.20739604006297968
Patch 7.0,Trundle,0.1867967057360216
Patch 8.0,Trundle,0.16282842560327673
Patch 9.0,Trundle,0.17715953388701558
Patch 10.0,Trundle,0.19285055802299284
Patch 1.0,Tryndamere,0.11606061549209647
Patch 2.0,Tryndamere,0.18400452690870503
Patch 3.0,Tryndamere,0.1593634351719037
Patch 4.0,Tryndamere,0.10901118958507561
Patch 5.0,Tryndamere,0.14999461484656373
Patch 6.0,Tryndamere,0.11590079199910826
Patch 7.0,Tryndamere,0.12600013387220638
Patch 8.0,Tryndamere,0.1352559700768263
Patch 9.0,Tryndamere,0.11656522293484459
Patch 10.0,Tryndamere,0.14222592157801747
Patch 1.0,TwistedFate,0.1588692348717538
Patch 2.0,TwistedFate,0.16678105346108954
Patch 3.0,TwistedFate,0.19176585667670656
Patch 4.0,TwistedFate,0.16819927859177966
Patch 5.0,TwistedFate,0.18031363072034615
Patch 6.0,TwistedFate,0.17933245893410565
Patch 7.0,TwistedFate,0.16825077942599168
Patch 8.0,TwistedFate,0.17095644741329455
Patch 9.0,TwistedFate,0.1730904615587576
Patch 10.0,TwistedFate,0.1554507523719136
Patch 1.0,Twitch,0.21416819273780982
Patch 2.0,Twitch,0.19805990073875315
Patch 3.0,Twitch,0.22155015336381076
Patch 4.0,Twitch,0.25779091869124016
Patch 5.0,Twitch,0.22797593828446042
Patch 6.0,Twitch,0.2154984375886173
Patch 7.0,Twitch,0.2352510058822187
Patch 8.0,Twitch,0.21391730063485742
Patch 9.0,Twitch,0.21788191605706667
Patch 10.0,Twitch,0.21726477435677932
Patch 1.0,Udyr,0.14758502483129712
Patch 2.0,Udyr,0.17314192722873087
Patch 3.0,Udyr,0.18256460672793962
Patch 4.0,Udyr,0.1563703568251034
Patch 5.0,Udyr,0.14802285602157111
Patch 6.0,Udyr,0.1909010978149998
Patch 7.0,Udyr,0.19324495410892864
Patch 8.0,Udyr,0.21521311351833092
Patch 9.0,Udyr,0.20965357367317608
Patch 10.0,Udyr,0.18112744024525532
Patch 1.0,Urgot,0.09809301974036796
Patch 2.0,Urgot,0.12196880948863356
Patch 3.0,Urgot,0.10824879462257903
Patch 4.0,Urgot,0.10290406984875261
Patch 5.0,Urgot,0.12912901020492276
Patch 6.0,Urgot,0.09550210840029023
Patch 7.0,Urgot,0.12394324654560708
Patch 8.0,Urgot,0.10550361517189892
Patch 9.0,Urgot,0.09769635778077933
Patch 10.0,Urgot,0.11227198090641882
Patch 1.0,Varus,0.2363319429163046
Patch 2.0,Varus,0.25133688630565265
Patch 3.0,Varus,0.2222626031695705
Patch 4.0,Varus,0.233128405513494
Patch 5.0,Varus,0.27369348796917936
Patch 6.0,Varus,0.2087348928213933
Patch 7.0,Varus,0.24711768588568903
Patch 8.0,Varus,0.20703068391188315
Patch 9.0,Varus,0.24143595949473518
Patch 10.0,Varus,0.2479562427939124
Patch 1.0,Vayne,0.19998775877811925
Patch 2.0,Vayne,0.23627894352704212
Patch 3.0,Vayne,0.2212541586524731
Patch 4.0,Vayne,0.22855751938478017
Patch 5.0,Vayne,0.22141807112979706
Patch 6.0,Vayne,0.2104891067136938
Patch 7.0,Vayne,0.2592606907912179
Patch 8.0,Vayne,0.21881525178642802
Patch 9.0,Vayne,0.1847054091931989
Patch 10.0,Vayne,0.24590692770287448
Patch 1.0,Veigar,0.23655497042097506
Patch 2.0,Veigar,0.21501020421125158
Patch 3.0,Veigar,0.20618651058451185
Patch 4.0,Veigar,0.24215866363797647
Patch 5.0,Veigar,0.23204333203466956
Patch 6.0,Veigar,0.23902549774614365
Patch 7.0,Veigar,0.22246750040082597
Patch 8.0,Veigar,0.18495015919700503
Patch 9.0,Veigar,0.22816562730829484
Patch 10.0,Veigar,0.223546053011995
Patch 1.0,Velkoz,0.1894839365925446
Patch 2.0,Velkoz,0.19253824777221656
Patch 3.0,Velkoz,0.2040568408936583
Patch 4.0,Velkoz,0.17659872915442895
Patch 5.0,Velkoz,0.2405098779972097
Patch 6.0,Velkoz,0.16658589522972744
Patch 7.0,Velkoz,0.17967252114815221
Patch 8.0,Velkoz,0.18774790427053414
Patch 9.0,Velkoz,0.18753701482661583
Patch 10.0,Velkoz,0.19843255674267754
Patch 1.0,Vex,0.15960907564683097
Patch 2.0,Vex,0.19307884642955137
Patch 3.0,Vex,0.1612437370074361
Patch 4.0,Vex,0.15547136940379228
Patch 5.0,Vex,0.18016127294444878
Patch 6.0,Vex,0.17252243511783563
Patch 7.0,Vex,0.19772736822612644
Patch 8.0,Vex,0.15803918162929284
Patch 9.0,Vex,0.18798081493237379
Patch 10.0,Vex,0.1341222647560366
Patch 1.0,Vi,0.22756289831037557
Patch 2.0,Vi,0.23124030094663256
Patch 3.0,Vi,0.21610930434681597
Patch 4.0,Vi,0.2614180674678803
Patch 5.0,Vi,0.22607296211444494
Patch 6.0,Vi,0.2327079795236766
Patch 7.0,Vi,0.20598721756612637
Patch 8.0,Vi,0.25243256569885075
Patch 9.0,Vi,0.22953232592243522
Patch 10.0,Vi,0.20223908794566584
Patch 1.0,Viego,0.23488076544975237
Patch 2.0,Viego,0.21463087306540277
Patch 3.0,Viego,0.27200586616896305
Patch 4.0,Viego,0.2229549108712853
Patch 5.0,Viego,0.2303922283756964
Patch 6.0,Viego,0.2219891052119755
Patch 7.0,Viego,0.23720508972264237
Patch 8.0,Viego,0.25986673869555865
Patch 9.0,Viego,0.2922758776700224
Patch 10.0,Viego,0.2437382253335719
Patch 1.0,Viktor,0.2314273955298352
Patch 2.0,Viktor,0.2523222993503847
Patch 3.0,Viktor,0.21404001685391488
Patch 4.0,Viktor,0.25105665563488905
Patch 5.0,Viktor,0.24783390606196315
Patch 6.0,Viktor,0.24542819164712368
Patch 7.0,Viktor,0.24923484023708428
Patch 8.0,Viktor,0.24083524729548672
Patch 9.0,Viktor,0.1945798187829909
Patch 10.0,Viktor,0.26918963932521317
Patch 1.0,Vladimir,0.2639115154699062
Patch 2.0,Vladimir,0.2802402477352292
Patch 3.0,Vladimir,0.2958652096008269
Patch 4.0,Vladimir,0.2936221821731785
Patch 5.0,Vladimir,0.3091401397195173
Patch 6.0,Vladimir,0.3194125582233361
Patch 7.0,Vladimir,0.2841735082197544
Patch 8.0,Vladimir,0.29407464420965373
Patch 9.0,Vladimir,0.3016219107490291
Patch 10.0,Vladimir,0.2722600035882794
Patch 1.0,Volibear,0.18240635129756855
Patch 2.0,Volibear,0.1971756457899019
Patch 3.0,Volibear,0.17931970964682084
Patch 4.0,Volibear,0.2190210450710871
Patch 5.0,Volibear,0.19130139252842582
Patch 6.0,Volibear,0.20966103743812886
Patch 7.0,Volibear,0.21377870400784255
Patch 8.0,Volibear,0.22635502690987325
Patch 9.0,Volibear,0.19267985457872255
Patch 10.0,Volibear,0.20601359610700856
Patch 1.0,Warwick,0.13041913756104376
Patch 2.0,Warwick,0.15032573659283827
Patch 3.0,Warwick,0.12023412311967838
Patch 4.0,Warwick,0.11310661040476899
Patch 5.0,Warwick,0.11713641121337773
Patch 6.0,Warwick,0.12221365987162926
Patch 7.0,Warwick,0.1266514212479467
Patch 8.0,Warwick,0.1496073422354427
Patch 9.0,Warwick,0.1557905351087234
Patch 10.0,Warwick,0.15444551344374893
Patch 1.0,Xayah,0.2585230274310211
Patch 2.0,Xayah,0.2507914753239838
Patch 3.0,Xayah,0.23584596989047715
Patch 4.0,Xayah,0.23095475471370405
Patch 5.0,Xayah,0.23816471754791937
Patch 6.0,Xayah,0.25126521820708647
Patch 7.0,Xayah,0.22280559600087965
Patch 8.0,Xayah,0.2803330688268881
Patch 9.0,Xayah,0.2742501446719004
Patch 10.0,Xayah,0.23663818027792197
Patch 1.0,Xerath,0.17925119309031567
Patch 2.0,Xerath,0.23879637687406013
Patch 3.0,Xerath,0.20001741113604746
Patch 4.0,Xerath,0.2083974145651785
Patch 5.0,Xerath,0.23138930694671744
Patch 6.0,Xerath,0.1883359883250409
Patch 7.0,Xerath,0.19240558465895616
Patch 8.0,Xerath,0.1853116314738802
Patch 9.0,Xerath,0.17164145710502993
Patch 10.0,Xerath,0.20413779899759188
Patch 1.0,XinZhao,0.22246288641833165
Patch 2.0,XinZhao,0.24566758412606787
Patch 3.0,XinZhao,0.2349087587349674
Patch 4.0,XinZhao,0.23864391226830703
Patch 5.0,XinZhao,0.2474372825081524
Patch 6.0,XinZhao,0.24419598322303837
Patch 7.0,XinZhao,0.20860295063563805
Patch 8.0,XinZhao,0.2525445837968133
Patch 9.0,XinZhao,0.2799970195500913
Patch 10.0,XinZhao,0.2644379166876103
Patch 1.0,Yasuo,0.23770283555727592
Patch 2.0,Yasuo,0.2598927006730347
Patch 3.0,Yasuo,0.252697856700153
Patch 4.0,Yasuo,0.29260381890486625
Patch 5.0,Yasuo,0.23281372096960606
Patch 6.0,Yasuo,0.28829354531165025
Patch 7.0,Yasuo,0.2658750071624079
Patch 8.0,Yasuo,0.25481616738982366
Patch 9.0,Yasuo,0.2908395972617713
Patch 10.0,Yasuo,0.22471189554710655
Patch 1.0,Yone,0.23263605781944002
Patch 2.0,Yone,0.2459770403068736
Patch 3.0,Yone,0.26203762957217674
Patch 4.0,Yone,0.20351040834432974
Patch 5.0,Yone,0.26924483396925225
Patch 6.0,Yone,0.2515983867871881
Patch 7.0,Yone,0.2360087423971924
Patch 8.0,Yone,0.2748337831703406
Patch 9.0,Yone,0.217586338792401
Patch 10.0,Yone,0.2568510769249647
Patch 1.0,Yorick,0.14079980728026043
Patch 2.0,Yorick,0.21343792665500966
Patch 3.0,Yorick,0.2092687906371896
Patch 4.0,Yorick,0.20621987680334408
Patch 5.0,Yorick,0.21182525758210374
Patch 6.0,Yorick,0.21884170242684903
Patch 7.0,Yorick,0.2007200046482732
Patch 8.0,Yorick,0.2030947677542777
Patch 9.0,Yorick,0.20973580200885233
Patch 10.0,Yorick,0.2203264727800341
Patch 1.0,Yuumi,0.19975673115247988
Patch 2.0,Yuumi,0.1596818319799107
Patch 3.0,Yuumi,0.1551745379744931
Patch 4.0,Yuumi,0.20901675720135993
Patch 5.0,Yuumi,0.1729889252399517
Patch 6.0,Yuumi,0.1722444741411862
Patch 7.0,Yuumi,0.1776534306004827
Patch 8.0,Yuumi,0.13919900543247532
Patch 9.0,Yuumi,0.17031137020447812
Patch 10.0,Yuumi,0.17005473436478022
Patch 1.0,Zac,0.2718653705237658
Patch 2.0,Zac,0.25075339582024314
Patch 3.0,Zac,0.23047121722036637
Patch 4.0,Zac,0.25528462722173223
Patch 5.0,Zac,0.2222768634028054
Patch 6.0,Zac,0.2583671707406269
Patch 7.0,Zac,0.2493244192118989
Patch 8.0,Zac,0.24927403282172186
Patch 9.0,Zac,0.28044465913886224
Patch 10.0,Zac,0.23436231267483706
Patch 1.0,Zed,0.18391010011423758
Patch 2.0,Zed,0.23733752395021854
Patch 3.0,Zed,0.2256211681540458
Patch 4.0,Zed,0.2360382841541134
Patch 5.0,Zed,0.2306709048786432
Patch 6.0,Zed,0.24844179564215269
Patch 7.0,Zed,0.1954225663161983
Patch 8.0,Zed,0.22811717483584185
Patch 9.0,Zed,0.19534438420242126
Patch 10.0,Zed,0.22882610971350872
Patch 1.0,Zeri,0.2243661007362568
Patch 2.0,Zeri,0.19760081508227878
Patch 3.0,Zeri,0.20235310030193893
Patch 4.0,Zeri,0.21707074609620175
Patch 5.0,Zeri,0.2323792523613567
Patch 6.0,Zeri,0.21162073253085623
Patch 7.0,Zeri,0.21199052653669945
Patch 8.0,Zeri,0.19231518137787296
Patch 9.0,Zeri,0.27196446961766235
Patch 10.0,Zeri,0.2270532536220562
Patch 1.0,Ziggs,0.17333308867062625
Patch 2.0,Ziggs,0.19597653160320655
Patch 3.0,Ziggs,0.18131615775825627
Patch 4.0,Ziggs,0.2028129478527212
Patch 5.0,Ziggs,0.190270158894018
Patch 6.0,Ziggs,0.21006439576869027
Patch 7.0,Ziggs,0.19005897371828376
Patch 8.0,Ziggs,0.20187516326109395
Patch 9.0,Ziggs,0.19159327835631854
Patch 10.0,Ziggs,0.1824198022522434
Patch 1.0,Zilean,0.178321752655149
Patch 2.0,Zilean,0.1643662765772956
Patch 3.0,Zilean,0.1350038945018908
Patch 4.0,Zilean,0.15270488577464097
Patch 5.0,Zilean,0.17382043815527004
Patch 6.0,Zilean,0.15278991428974664
Patch 7.0,Zilean,0.17661414574300827
Patch 8.0,Zilean,0.17214935117608932
Patch 9.0,Zilean,0.14721955367400436
Patch 10.0,Zilean,0.11990929128724813
Patch 1.0,Zoe,0.24337756044163988
Patch 2.0,Zoe,0.20793201812152187
Patch 3.0,Zoe,0.22493497551570457
Patch 4.0,Zoe,0.2344304558001904
Patch 5.0,Zoe,0.2317749128516164
Patch 6.0,Zoe,0.1788781326843473
Patch 7.0,Zoe,0.2385484753609987
Patch 8.0,Zoe,0.17993103330206495
Patch 9.0,Zoe,0.22054152352001483
Patch 10.0,Zoe,0.19006236917276595
Patch 1.0,Zyra,0.24064080703024504
Patch 2.0,Zyra,0.2252104659629991
Patch 3.0,Zyra,0.21826526472755084
Patch 4.0,Zyra,0.2702830538739648
Patch 5.0,Zyra,0.2415314065368621
Patch 6.0,Zyra,0.22547313218263856
Patch 7.0,Zyra,0.2448819691799129
Patch 8.0,Zyra,0.2241473484786525
Patch 9.0,Zyra,0.2644739674740655
Patch 10.0,Zyra,0.22645224708475933
