player_champion,player_lane,kills_media,deaths_media,assists_media,duracao_media,taxa_vitoria,cluster
Aatrox,BOTTOM,19.0,16.0,10.0,2438.0,0.0,1
Aatrox,JUNGLE,7.5,6.368421052631579,5.868421052631579,1497.1184210526317,0.618421052631579,1
Aatrox,MIDDLE,6.733333333333333,6.166666666666667,5.5,1472.6666666666667,0.5333333333333333,1
Aatrox,NONE,2.5494505494505493,2.3846153846153846,1.4175824175824177,798.2087912087912,0.5164835164835165,3
Aatrox,TOP,6.56857855361596,6.241895261845387,5.13715710723192,1555.6458852867831,0.4837905236907731,1
Ahri,BOTTOM,7.0,6.222222222222222,7.888888888888889,1577.4444444444443,0.2222222222222222,1
Ahri,JUNGLE,7.0,7.0,5.75,1499.0,0.0,1
Ahri,MIDDLE,6.770750988142293,5.361660079051384,7.867588932806324,1605.3754940711462,0.5079051383399209,1
Ahri,NONE,2.19327731092437,1.9579831932773109,2.327731092436975,748.655462184874,0.4957983193277311,3
Ahri,TOP,7.714285714285714,5.8,8.628571428571428,1699.7142857142858,0.5714285714285714,1
Akali,JUNGLE,9.38888888888889,6.833333333333333,4.0,1546.8333333333333,0.3888888888888889,1
Akali,MIDDLE,9.089108910891088,5.97029702970297,5.153465346534653,1570.1633663366338,0.5346534653465347,1
Akali,NONE,2.810344827586207,1.8103448275862069,1.1551724137931034,771.6034482758621,0.5172413793103449,3
Akali,TOP,8.402298850574713,6.183908045977011,4.609195402298851,1606.942528735632,0.4482758620689655,1
Akshan,BOTTOM,9.333333333333334,6.0,7.333333333333333,1364.0,0.6666666666666666,2
Akshan,JUNGLE,10.0,4.0,7.0,1815.0,1.0,2
Akshan,MIDDLE,8.666666666666666,6.6,5.766666666666667,1553.3,0.43333333333333335,1
Akshan,NONE,3.357142857142857,2.142857142857143,1.9285714285714286,626.2142857142857,0.5714285714285714,3
Akshan,TOP,11.23076923076923,4.923076923076923,6.0,1510.0,0.8461538461538461,2
Alistar,BOTTOM,1.7142857142857142,6.530612244897959,16.168367346938776,1528.8367346938776,0.5102040816326531,0
Alistar,JUNGLE,1.5,6.0,26.0,1786.0,1.0,0
Alistar,MIDDLE,1.4285714285714286,6.785714285714286,14.928571428571429,1724.642857142857,0.5714285714285714,0
Alistar,NONE,1.0425531914893618,2.382978723404255,4.297872340425532,731.8510638297872,0.5319148936170213,3
Alistar,TOP,0.5,8.5,9.0,1726.5,0.0,1
Ambessa,JUNGLE,8.185185185185185,4.814814814814815,7.7407407407407405,1706.2962962962963,0.6666666666666666,2
Ambessa,MIDDLE,6.5,6.357142857142857,6.0,1727.4285714285713,0.42857142857142855,1
Ambessa,NONE,1.78125,1.96875,0.96875,684.9375,0.5625,3
Ambessa,TOP,7.656565656565657,6.484848484848484,5.959595959595959,1618.8989898989898,0.494949494949495,1
Amumu,BOTTOM,4.0,9.166666666666666,14.0,1487.6666666666667,0.16666666666666666,1
Amumu,JUNGLE,5.630434782608695,6.717391304347826,11.527173913043478,1681.9021739130435,0.44565217391304346,1
Amumu,NONE,3.4,1.88,3.12,810.64,0.6,3
Amumu,TOP,7.0,12.0,13.0,2166.0,1.0,2
Anivia,BOTTOM,4.52,5.64,9.28,1678.24,0.48,1
Anivia,JUNGLE,4.5,7.5,6.5,1721.0,1.0,2
Anivia,MIDDLE,5.579831932773109,5.100840336134453,7.588235294117647,1663.7563025210084,0.5294117647058824,1
Anivia,NONE,1.1333333333333333,1.4666666666666666,1.8666666666666667,776.2666666666667,0.5666666666666667,3
Anivia,TOP,6.0,4.538461538461538,8.461538461538462,1790.5384615384614,0.6923076923076923,2
Annie,BOTTOM,2.4482758620689653,5.758620689655173,14.724137931034482,1472.7241379310344,0.5862068965517241,0
Annie,JUNGLE,2.875,4.625,6.5,1704.25,0.375,1
Annie,MIDDLE,6.314285714285714,6.2,9.414285714285715,1572.6714285714286,0.5285714285714286,1
Annie,NONE,1.6,2.9,1.85,823.55,0.35,3
Annie,TOP,5.620689655172414,5.310344827586207,8.448275862068966,1782.4137931034484,0.6206896551724138,1
Aphelios,BOTTOM,8.0,6.970802919708029,6.255474452554744,1603.2043795620439,0.5109489051094891,1
Aphelios,MIDDLE,7.0,7.222222222222222,5.888888888888889,1616.888888888889,0.4444444444444444,1
Aphelios,NONE,2.7083333333333335,2.9166666666666665,1.875,800.5833333333334,0.4166666666666667,3
Aphelios,TOP,8.857142857142858,9.142857142857142,6.142857142857143,1956.5714285714287,0.42857142857142855,1
Ashe,BOTTOM,6.1743264659271,6.8415213946117275,10.068145800316957,1568.1584786053884,0.49920760697305866,1
Ashe,JUNGLE,5.916666666666667,7.416666666666667,9.833333333333334,1398.9166666666667,0.6666666666666666,1
Ashe,MIDDLE,7.0,6.857142857142857,12.16326530612245,1608.3877551020407,0.4897959183673469,1
Ashe,NONE,2.4066666666666667,2.8733333333333335,3.006666666666667,781.66,0.4866666666666667,3
Ashe,TOP,6.25,7.75,9.75,1534.9375,0.375,1
AurelionSol,BOTTOM,6.25,7.25,10.375,1685.75,0.5,1
AurelionSol,MIDDLE,7.484375,5.8046875,8.3984375,1640.015625,0.5,1
AurelionSol,NONE,1.8709677419354838,2.064516129032258,1.6774193548387097,696.7741935483871,0.5161290322580645,3
AurelionSol,TOP,8.571428571428571,7.714285714285714,10.857142857142858,1802.642857142857,0.42857142857142855,1
Aurora,BOTTOM,1.0,8.0,11.0,2162.0,1.0,0
Aurora,JUNGLE,5.56,5.28,7.32,1675.2,0.48,1
Aurora,MIDDLE,7.12781954887218,5.7443609022556394,7.120300751879699,1589.0751879699249,0.40601503759398494,1
Aurora,NONE,2.6904761904761907,2.9047619047619047,2.2142857142857144,899.8333333333334,0.40476190476190477,3
Aurora,TOP,7.0131578947368425,6.618421052631579,7.973684210526316,1586.907894736842,0.4605263157894737,1
Azir,BOTTOM,7.0,6.0,3.0,1517.0,0.0,1
Azir,MIDDLE,6.220430107526882,5.817204301075269,6.591397849462366,1523.0913978494623,0.5053763440860215,1
Azir,NONE,1.6857142857142857,2.5714285714285716,1.0,740.9714285714285,0.37142857142857144,3
Azir,TOP,6.4,6.266666666666667,7.4,1692.6,0.4666666666666667,1
Bard,BOTTOM,2.619047619047619,5.333333333333333,16.81904761904762,1643.2285714285715,0.6,0
Bard,MIDDLE,3.0,7.0,15.1,1701.1,0.4,0
Bard,NONE,1.5294117647058822,2.3529411764705883,5.882352941176471,761.5294117647059,0.4117647058823529,3
Belveth,BOTTOM,9.0,6.0,12.5,2162.5,0.5,1
Belveth,JUNGLE,7.579831932773109,5.756302521008403,6.873949579831932,1498.6638655462184,0.5294117647058824,1
Belveth,MIDDLE,15.0,7.0,9.0,2351.0,1.0,2
Belveth,NONE,4.818181818181818,2.4545454545454546,3.272727272727273,783.2272727272727,0.5454545454545454,3
Blitzcrank,BOTTOM,1.9576271186440677,6.271186440677966,14.525423728813559,1543.3050847457628,0.5,0
Blitzcrank,JUNGLE,2.0,3.0,16.0,1994.0,1.0,0
Blitzcrank,MIDDLE,2.3157894736842106,6.368421052631579,13.368421052631579,1267.3684210526317,0.5263157894736842,0
Blitzcrank,NONE,1.1724137931034482,2.3448275862068964,4.310344827586207,729.551724137931,0.4482758620689655,3
Blitzcrank,TOP,2.4,7.6,13.4,1989.0,0.6,0
Brand,BOTTOM,4.611111111111111,8.87037037037037,10.925925925925926,1608.5185185185185,0.4444444444444444,1
Brand,JUNGLE,6.069767441860465,6.573643410852713,9.62015503875969,1594.875968992248,0.46511627906976744,1
Brand,MIDDLE,5.690476190476191,6.071428571428571,6.880952380952381,1602.357142857143,0.47619047619047616,1
Brand,NONE,2.357142857142857,2.3095238095238093,2.5,743.7619047619048,0.5952380952380952,3
Brand,TOP,6.5,5.5,13.5,1863.5,0.75,2
Braum,BOTTOM,1.663677130044843,5.834080717488789,17.062780269058297,1580.8744394618834,0.5381165919282511,0
Braum,JUNGLE,2.3333333333333335,6.0,17.166666666666668,1311.1666666666667,0.5,0
Braum,MIDDLE,1.4545454545454546,5.7272727272727275,16.545454545454547,1414.6363636363637,0.4090909090909091,0
Braum,NONE,0.5777777777777777,2.6,5.044444444444444,676.2666666666667,0.4666666666666667,3
Braum,TOP,1.6,5.8,21.2,1553.0,1.0,0
Briar,BOTTOM,13.5,9.5,11.0,2103.5,0.0,1
Briar,JUNGLE,8.146341463414634,7.695121951219512,8.670731707317072,1670.1951219512196,0.47560975609756095,1
Briar,NONE,3.7857142857142856,3.857142857142857,4.285714285714286,758.0714285714286,0.35714285714285715,3
Caitlyn,BOTTOM,8.139751552795031,6.503105590062112,6.571428571428571,1640.0186335403728,0.4968944099378882,1
Caitlyn,JUNGLE,9.461538461538462,7.8076923076923075,6.5,1615.423076923077,0.5769230769230769,1
Caitlyn,MIDDLE,9.851063829787234,7.0638297872340425,6.553191489361702,1636.1489361702127,0.574468085106383,1
Caitlyn,NONE,2.762589928057554,2.856115107913669,2.0719424460431655,753.4028776978417,0.43884892086330934,3
Caitlyn,TOP,7.870967741935484,7.580645161290323,6.064516129032258,1594.516129032258,0.6451612903225806,1
Camille,BOTTOM,6.591836734693878,9.816326530612244,13.591836734693878,1780.530612244898,0.6122448979591837,1
Camille,JUNGLE,6.918918918918919,6.675675675675675,4.918918918918919,1524.7567567567567,0.40540540540540543,1
Camille,MIDDLE,8.318181818181818,6.181818181818182,8.454545454545455,1649.0,0.6363636363636364,2
Camille,NONE,2.1636363636363636,2.109090909090909,2.0545454545454547,662.6909090909091,0.5272727272727272,3
Camille,TOP,6.245283018867925,6.518867924528302,6.080188679245283,1554.3066037735848,0.49528301886792453,1
Cassiopeia,BOTTOM,6.5,5.833333333333333,6.833333333333333,1704.8333333333333,0.3333333333333333,1
Cassiopeia,JUNGLE,6.333333333333333,6.555555555555555,4.666666666666667,1755.3333333333333,0.3333333333333333,1
Cassiopeia,MIDDLE,7.12962962962963,6.222222222222222,6.185185185185185,1459.1296296296296,0.5555555555555556,1
Cassiopeia,NONE,2.15,2.5,1.2,794.7,0.55,3
Cassiopeia,TOP,5.894736842105263,6.315789473684211,4.868421052631579,1648.0526315789473,0.4473684210526316,1
Chogath,BOTTOM,4.2,6.2,8.4,1630.0,0.6,1
Chogath,JUNGLE,7.555555555555555,7.055555555555555,5.944444444444445,1544.0,0.6666666666666666,1
Chogath,MIDDLE,8.272727272727273,5.909090909090909,6.2727272727272725,1717.4545454545455,0.6363636363636364,2
Chogath,NONE,1.5714285714285714,2.0,0.42857142857142855,729.2142857142857,0.2857142857142857,3
Chogath,TOP,6.786885245901639,6.081967213114754,6.147540983606557,1663.311475409836,0.5573770491803278,1
Corki,BOTTOM,8.751937984496124,6.395348837209302,8.465116279069768,1628.2403100775193,0.4806201550387597,1
Corki,JUNGLE,8.0,7.333333333333333,6.333333333333333,1500.6666666666667,0.3333333333333333,1
Corki,MIDDLE,7.375,6.196428571428571,7.107142857142857,1655.3392857142858,0.41964285714285715,1
Corki,NONE,3.14,2.66,2.1,792.52,0.48,3
Corki,TOP,7.434782608695652,6.521739130434782,6.3478260869565215,1626.2608695652175,0.43478260869565216,1
Darius,BOTTOM,4.666666666666667,8.666666666666666,3.0,898.6666666666666,0.0,1
Darius,JUNGLE,7.262295081967213,6.065573770491803,4.016393442622951,1678.7704918032787,0.47540983606557374,1
Darius,MIDDLE,8.083333333333334,6.166666666666667,4.25,1598.2916666666667,0.5833333333333334,1
Darius,NONE,2.52,2.2266666666666666,1.04,687.5333333333333,0.56,3
Darius,TOP,6.706666666666667,6.706666666666667,4.3244444444444445,1566.0355555555554,0.4622222222222222,1
Diana,BOTTOM,7.333333333333333,5.333333333333333,5.0,961.3333333333334,0.6666666666666666,2
Diana,JUNGLE,8.050761421319796,6.959390862944162,7.472081218274112,1608.0,0.5279187817258884,1
Diana,MIDDLE,7.266666666666667,6.453333333333333,6.266666666666667,1575.6733333333334,0.43333333333333335,1
Diana,NONE,2.2686567164179103,2.1044776119402986,1.6119402985074627,631.4029850746268,0.4925373134328358,3
Diana,TOP,8.307692307692308,8.384615384615385,7.0,1825.3846153846155,0.46153846153846156,1
DrMundo,BOTTOM,6.8,4.6,8.8,1704.8,0.8,2
DrMundo,JUNGLE,5.206896551724138,5.413793103448276,7.689655172413793,1640.8620689655172,0.5517241379310345,1
DrMundo,MIDDLE,5.375,5.375,3.875,1670.375,0.0,1
DrMundo,NONE,1.3170731707317074,2.024390243902439,1.0731707317073171,756.560975609756,0.4146341463414634,3
DrMundo,TOP,4.93006993006993,5.5874125874125875,5.461538461538462,1597.8951048951049,0.5454545454545454,1
Draven,BOTTOM,8.97069597069597,6.8791208791208796,5.937728937728938,1613.5531135531135,0.5238095238095238,1
Draven,JUNGLE,12.571428571428571,7.071428571428571,7.142857142857143,1664.142857142857,0.8571428571428571,2
Draven,MIDDLE,9.485714285714286,6.628571428571429,5.257142857142857,1657.0285714285715,0.4857142857142857,1
Draven,NONE,3.010752688172043,2.6236559139784945,1.956989247311828,788.1935483870968,0.44086021505376344,3
Draven,TOP,8.533333333333333,7.066666666666666,5.933333333333334,1616.6,0.4,1
Ekko,BOTTOM,13.333333333333334,6.0,11.0,1047.0,1.0,2
Ekko,JUNGLE,8.988461538461538,6.023076923076923,7.661538461538462,1550.4192307692308,0.5346153846153846,1
Ekko,MIDDLE,7.25,6.458333333333333,5.166666666666667,1595.7916666666667,0.375,1
Ekko,NONE,3.5964912280701755,2.2982456140350878,2.5789473684210527,811.1929824561404,0.5964912280701754,3
Ekko,TOP,9.428571428571429,7.428571428571429,5.428571428571429,1656.2857142857142,0.2857142857142857,1
Elise,BOTTOM,9.5,13.5,16.0,2230.5,1.0,2
Elise,JUNGLE,8.891891891891891,6.824324324324325,8.763513513513514,1634.162162162162,0.49324324324324326,1
Elise,MIDDLE,22.0,5.0,8.0,1396.0,1.0,2
Elise,NONE,3.358974358974359,2.076923076923077,2.948717948717949,811.9487179487179,0.5128205128205128,3
Elise,TOP,7.0,6.0,14.0,171.0,0.0,3
Evelynn,JUNGLE,9.018867924528301,5.320754716981132,7.056603773584905,1601.2075471698113,0.5377358490566038,1
Evelynn,NONE,3.0476190476190474,1.7142857142857142,2.1904761904761907,743.9047619047619,0.42857142857142855,3
Ezreal,BOTTOM,7.401324503311258,6.129801324503311,7.354966887417219,1651.4582781456954,0.4543046357615894,1
Ezreal,JUNGLE,7.882352941176471,6.647058823529412,8.117647058823529,1669.8823529411766,0.47058823529411764,1
Ezreal,MIDDLE,7.337209302325581,6.488372093023256,6.465116279069767,1603.6744186046512,0.45348837209302323,1
Ezreal,NONE,2.653179190751445,2.0289017341040463,2.069364161849711,670.2312138728323,0.5260115606936416,3
Ezreal,TOP,7.464285714285714,6.357142857142857,7.0,1689.9285714285713,0.42857142857142855,1
FiddleSticks,BOTTOM,3.8333333333333335,8.0,11.0,1582.5,0.16666666666666666,1
FiddleSticks,JUNGLE,5.980952380952381,5.885714285714286,10.019047619047619,1573.5238095238096,0.5428571428571428,1
FiddleSticks,MIDDLE,5.0,13.0,7.0,1996.0,0.0,1
FiddleSticks,NONE,1.8666666666666667,2.533333333333333,3.0,845.8,0.4666666666666667,3
FiddleSticks,TOP,4.0,3.0,6.0,1317.0,1.0,2
Fiora,JUNGLE,6.84375,6.5625,4.25,1557.53125,0.59375,1
Fiora,MIDDLE,6.6,6.0,5.4,1451.6,0.6,1
Fiora,NONE,2.5,2.4285714285714284,1.3571428571428572,790.25,0.5714285714285714,3
Fiora,TOP,6.346774193548387,6.935483870967742,3.7096774193548385,1602.6774193548388,0.47580645161290325,1
Fizz,BOTTOM,8.0,1.0,10.0,1518.0,1.0,2
Fizz,JUNGLE,14.0,3.0,5.333333333333333,1690.0,1.0,2
Fizz,MIDDLE,9.709677419354838,6.053763440860215,6.311827956989247,1679.6236559139784,0.5053763440860215,1
Fizz,NONE,3.130434782608696,1.2173913043478262,1.8695652173913044,717.4782608695652,0.7391304347826086,3
Fizz,TOP,12.142857142857142,5.571428571428571,5.642857142857143,1987.0,0.6428571428571429,2
Galio,BOTTOM,1.9230769230769231,6.0,16.23076923076923,1701.3846153846155,0.8461538461538461,0
Galio,JUNGLE,4.0,6.0,13.5,970.0,0.0,1
Galio,MIDDLE,5.253333333333333,6.213333333333333,10.84,1708.84,0.52,1
Galio,NONE,1.9,2.65,3.25,673.7,0.3,3
Galio,TOP,5.3076923076923075,6.615384615384615,13.076923076923077,1720.8461538461538,0.38461538461538464,1
Gangplank,BOTTOM,7.0,11.0,4.0,2023.0,1.0,2
Gangplank,JUNGLE,5.225806451612903,6.419354838709677,6.193548387096774,1549.9032258064517,0.5161290322580645,1
Gangplank,MIDDLE,8.875,6.4375,6.8125,1674.375,0.375,1
Gangplank,NONE,1.4705882352941178,2.5294117647058822,1.2352941176470589,794.0588235294117,0.47058823529411764,3
Gangplank,TOP,6.2407407407407405,6.481481481481482,6.450617283950617,1651.9567901234568,0.48148148148148145,1
Garen,BOTTOM,9.666666666666666,3.6666666666666665,5.333333333333333,1414.0,0.3333333333333333,1
Garen,JUNGLE,8.38888888888889,5.333333333333333,4.833333333333333,1804.4444444444443,0.7222222222222222,2
Garen,MIDDLE,6.833333333333333,5.416666666666667,4.333333333333333,1540.5833333333333,0.3333333333333333,1
Garen,NONE,1.5454545454545454,2.303030303030303,0.8484848484848485,602.060606060606,0.48484848484848486,3
Garen,TOP,7.463636363636364,5.827272727272727,4.136363636363637,1702.1181818181817,0.5272727272727272,1
Gnar,BOTTOM,2.0,4.0,6.0,1617.0,1.0,2
Gnar,JUNGLE,5.930232558139535,6.744186046511628,6.395348837209302,1723.3488372093022,0.4883720930232558,1
Gnar,MIDDLE,4.0,5.909090909090909,5.545454545454546,1662.1818181818182,0.36363636363636365,1
Gnar,NONE,1.9782608695652173,2.5869565217391304,1.4130434782608696,804.7173913043479,0.5217391304347826,3
Gnar,TOP,5.604938271604938,6.037037037037037,5.839506172839506,1606.858024691358,0.4876543209876543,1
Gragas,BOTTOM,5.454545454545454,7.090909090909091,11.545454545454545,1513.909090909091,0.6363636363636364,1
Gragas,JUNGLE,7.17578125,6.15625,8.7265625,1564.7109375,0.48046875,1
Gragas,MIDDLE,7.09375,6.6875,7.875,1633.0625,0.40625,1
Gragas,NONE,1.990909090909091,2.209090909090909,2.2818181818181817,714.4545454545455,0.44545454545454544,3
Gragas,TOP,5.121212121212121,5.575757575757576,6.9818181818181815,1582.5757575757575,0.4727272727272727,1
Graves,BOTTOM,3.0,8.0,5.0,1513.0,0.0,1
Graves,JUNGLE,8.930656934306569,6.394160583941606,7.226277372262774,1626.8503649635036,0.4927007299270073,1
Graves,MIDDLE,6.0,7.5,4.5,1798.5,0.5,1
Graves,NONE,2.2280701754385963,2.4210526315789473,2.245614035087719,759.280701754386,0.42105263157894735,3
Graves,TOP,6.8,6.4,5.6,1756.6,0.4,1
Gwen,JUNGLE,8.164383561643836,6.410958904109589,6.397260273972603,1552.2602739726028,0.5068493150684932,1
Gwen,MIDDLE,6.615384615384615,6.076923076923077,4.076923076923077,1781.076923076923,0.6153846153846154,1
Gwen,NONE,2.0606060606060606,2.1515151515151514,1.5151515151515151,719.1515151515151,0.5757575757575758,3
Gwen,TOP,6.903225806451613,6.225806451612903,4.053763440860215,1544.967741935484,0.5268817204301075,1
Hecarim,JUNGLE,8.222222222222221,6.545454545454546,9.555555555555555,1581.3232323232323,0.5050505050505051,1
Hecarim,NONE,3.4705882352941178,2.1176470588235294,3.176470588235294,777.1764705882352,0.6470588235294118,3
Heimerdinger,BOTTOM,5.666666666666667,4.666666666666667,15.333333333333334,1169.3333333333333,0.6666666666666666,0
Heimerdinger,JUNGLE,4.333333333333333,5.333333333333333,5.0,1839.6666666666667,0.3333333333333333,1
Heimerdinger,MIDDLE,5.333333333333333,4.666666666666667,12.666666666666666,1613.3333333333333,0.6666666666666666,0
Heimerdinger,TOP,5.384615384615385,7.384615384615385,7.0,1747.1538461538462,0.38461538461538464,1
Hwei,BOTTOM,5.602564102564102,5.564102564102564,9.26923076923077,1635.474358974359,0.47435897435897434,1
Hwei,JUNGLE,11.5,8.5,19.5,1797.0,1.0,2
Hwei,MIDDLE,6.481049562682216,5.763848396501458,8.615160349854227,1588.7755102040817,0.5160349854227405,1
Hwei,NONE,2.3378378378378377,2.175675675675676,2.1621621621621623,777.4594594594595,0.5405405405405406,3
Hwei,TOP,6.709677419354839,4.709677419354839,7.67741935483871,1535.3870967741937,0.5806451612903226,1
Illaoi,JUNGLE,5.8,6.1,6.5,1832.9,0.8,2
Illaoi,MIDDLE,4.428571428571429,7.142857142857143,4.857142857142857,1644.7142857142858,0.42857142857142855,1
Illaoi,NONE,1.7647058823529411,2.5294117647058822,1.0,650.8235294117648,0.29411764705882354,3
Illaoi,TOP,4.734375,7.328125,4.34375,1706.75,0.46875,1
Irelia,BOTTOM,6.75,10.0,6.0,2001.5,0.5,1
Irelia,JUNGLE,5.769230769230769,6.384615384615385,3.923076923076923,1519.1538461538462,0.5384615384615384,1
Irelia,MIDDLE,6.931034482758621,7.712643678160919,4.275862068965517,1554.8735632183907,0.42528735632183906,1
Irelia,NONE,2.9574468085106385,2.5319148936170213,1.148936170212766,672.7446808510638,0.5531914893617021,3
Irelia,TOP,6.464285714285714,7.875,4.848214285714286,1729.1785714285713,0.44642857142857145,1
Ivern,BOTTOM,1.3823529411764706,4.176470588235294,17.38235294117647,1619.0,0.5294117647058824,0
Ivern,JUNGLE,3.140939597315436,4.570469798657718,15.442953020134228,1528.744966442953,0.5838926174496645,0
Ivern,MIDDLE,2.5,2.5,24.5,1707.0,1.0,0
Ivern,NONE,1.0,1.725,4.65,758.2,0.5,3
Ivern,TOP,0.5,4.5,19.0,1000.0,0.0,0
Janna,BOTTOM,1.9607843137254901,4.882352941176471,16.068627450980394,1593.6274509803923,0.5147058823529411,0
Janna,JUNGLE,1.0,9.5,18.0,1931.0,0.0,0
Janna,MIDDLE,1.736842105263158,4.368421052631579,16.157894736842106,1543.4736842105262,0.5263157894736842,0
Janna,NONE,0.9523809523809523,1.9047619047619047,4.666666666666667,736.9047619047619,0.5,3
Janna,TOP,3.0,3.4,20.2,2000.2,1.0,0
JarvanIV,BOTTOM,3.5,8.333333333333334,16.166666666666668,1133.6666666666667,0.3333333333333333,0
JarvanIV,JUNGLE,6.044554455445544,6.183168316831683,13.757425742574258,1611.430693069307,0.4801980198019802,0
JarvanIV,MIDDLE,7.875,7.125,13.5,1862.625,0.75,2
JarvanIV,NONE,1.8275862068965518,2.5517241379310347,2.793103448275862,681.4827586206897,0.27586206896551724,3
JarvanIV,TOP,3.5,4.0,13.5,823.0,0.5,0
Jax,BOTTOM,3.5,4.0,6.0,1548.5,0.5,1
Jax,JUNGLE,6.83,6.22,6.16,1651.53,0.51,1
Jax,MIDDLE,7.48,4.92,4.88,1472.44,0.52,1
Jax,NONE,2.0434782608695654,2.4927536231884058,0.9710144927536232,780.4492753623189,0.4927536231884058,3
Jax,TOP,6.27,6.635,4.545,1526.19,0.505,1
Jayce,JUNGLE,6.96,7.04,6.68,1598.08,0.56,1
Jayce,MIDDLE,7.975903614457831,6.903614457831325,7.493975903614458,1659.3614457831325,0.4939759036144578,1
Jayce,NONE,2.1578947368421053,3.263157894736842,1.0,763.1052631578947,0.4473684210526316,3
Jayce,TOP,6.246153846153846,7.869230769230769,6.530769230769231,1626.0461538461539,0.5153846153846153,1
Jhin,BOTTOM,8.349165596919127,5.679075738125802,8.603337612323491,1613.7509627727857,0.5198973042362003,1
Jhin,JUNGLE,11.0,5.705882352941177,10.0,1522.5294117647059,0.7647058823529411,2
Jhin,MIDDLE,8.418181818181818,6.109090909090909,8.636363636363637,1547.4727272727273,0.509090909090909,1
Jhin,NONE,2.878205128205128,2.198717948717949,2.2243589743589745,724.4294871794872,0.5064102564102564,3
Jhin,TOP,10.083333333333334,5.75,9.625,1662.0833333333333,0.7083333333333334,2
Jinx,BOTTOM,8.212018140589569,6.373015873015873,7.357142857142857,1569.484126984127,0.5204081632653061,1
Jinx,JUNGLE,6.631578947368421,7.157894736842105,7.157894736842105,1555.0526315789473,0.3684210526315789,1
Jinx,MIDDLE,8.32,6.44,7.64,1603.1,0.52,1
Jinx,NONE,3.093264248704663,2.5544041450777204,2.2642487046632125,764.2435233160621,0.47668393782383417,3
Jinx,TOP,8.043478260869565,6.043478260869565,8.565217391304348,1586.7826086956522,0.6956521739130435,2
KSante,BOTTOM,7.0,7.0,8.0,1792.0,1.0,2
KSante,JUNGLE,5.066666666666666,5.333333333333333,5.866666666666666,1677.8666666666666,0.4,1
KSante,MIDDLE,5.875,3.125,5.75,1310.0,0.5,1
KSante,NONE,1.3636363636363635,2.909090909090909,1.393939393939394,867.4242424242424,0.36363636363636365,3
KSante,TOP,4.785714285714286,6.008928571428571,6.678571428571429,1661.1964285714287,0.4642857142857143,1
Kaisa,BOTTOM,9.0,6.372900335946248,6.940649496080627,1574.952967525196,0.5005599104143337,1
Kaisa,JUNGLE,8.136363636363637,8.727272727272727,7.181818181818182,1628.1363636363637,0.4090909090909091,1
Kaisa,MIDDLE,8.852941176470589,6.647058823529412,7.220588235294118,1594.1764705882354,0.5147058823529411,1
Kaisa,NONE,3.0927835051546393,2.288659793814433,2.0721649484536084,740.8298969072165,0.5257731958762887,3
Kaisa,TOP,9.0,7.3076923076923075,6.730769230769231,1304.2307692307693,0.4230769230769231,1
Kalista,BOTTOM,8.728571428571428,6.885714285714286,7.014285714285714,1629.8357142857142,0.4714285714285714,1
Kalista,JUNGLE,9.428571428571429,5.714285714285714,5.142857142857143,1360.5714285714287,0.5714285714285714,1
Kalista,MIDDLE,9.75,5.75,5.5,1492.5,0.5,1
Kalista,NONE,3.5,2.8421052631578947,1.5,749.7368421052631,0.5263157894736842,3
Kalista,TOP,8.5,9.75,7.25,1923.0,0.0,1
Karma,BOTTOM,2.570806100217865,5.775599128540305,15.152505446623094,1581.954248366013,0.5098039215686274,0
Karma,JUNGLE,2.3333333333333335,5.5,12.833333333333334,1759.3333333333333,0.5,0
Karma,MIDDLE,4.382978723404255,5.382978723404255,11.936170212765957,1514.7446808510638,0.5425531914893617,0
Karma,NONE,1.165137614678899,1.8440366972477065,4.495412844036697,753.1376146788991,0.5137614678899083,3
Karma,TOP,3.6,5.65,9.7,1708.5,0.35,1
Karthus,BOTTOM,8.461538461538462,10.76923076923077,10.384615384615385,1764.6153846153845,0.3076923076923077,1
Karthus,JUNGLE,8.936842105263159,7.6421052631578945,10.115789473684211,1653.2052631578947,0.45789473684210524,1
Karthus,MIDDLE,11.5,7.833333333333333,9.833333333333334,1416.6666666666667,0.3333333333333333,1
Karthus,NONE,4.051282051282051,2.1025641025641026,3.1025641025641026,778.7948717948718,0.7435897435897436,3
Karthus,TOP,10.5,9.0,11.5,1443.0,0.5,1
Kassadin,MIDDLE,8.039370078740157,5.25984251968504,5.637795275590551,1558.6535433070867,0.5669291338582677,1
Kassadin,NONE,2.3461538461538463,2.6538461538461537,1.7307692307692308,812.4615384615385,0.38461538461538464,3
Kassadin,TOP,8.95,5.65,5.15,1626.8,0.5,1
Katarina,BOTTOM,13.571428571428571,10.142857142857142,6.285714285714286,1929.5714285714287,0.42857142857142855,1
Katarina,JUNGLE,8.666666666666666,7.333333333333333,4.666666666666667,1611.6666666666667,0.0,1
Katarina,MIDDLE,10.035555555555556,7.622222222222222,5.72,1552.608888888889,0.39555555555555555,1
Katarina,NONE,3.736842105263158,2.4210526315789473,1.6842105263157894,712.6666666666666,0.49122807017543857,3
Katarina,TOP,9.592592592592593,7.814814814814815,5.37037037037037,1362.037037037037,0.37037037037037035,1
Kayle,JUNGLE,7.571428571428571,6.285714285714286,7.428571428571429,1823.4285714285713,0.7142857142857143,2
Kayle,MIDDLE,6.421052631578948,6.052631578947368,5.684210526315789,1345.9473684210527,0.21052631578947367,1
Kayle,NONE,1.6666666666666667,2.8333333333333335,1.6111111111111112,682.7222222222222,0.5555555555555556,3
Kayle,TOP,5.213483146067416,6.51685393258427,6.853932584269663,1600.1797752808989,0.5056179775280899,1
Kayn,BOTTOM,8.5,11.0,4.5,1832.0,0.0,1
Kayn,JUNGLE,7.577272727272727,6.363636363636363,7.454545454545454,1617.8863636363637,0.4636363636363636,1
Kayn,MIDDLE,5.0,5.0,6.0,1618.0,1.0,2
Kayn,NONE,2.5476190476190474,2.5,1.7619047619047619,717.1904761904761,0.35714285714285715,3
Kayn,TOP,1.0,11.0,6.0,1626.0,0.0,1
Kennen,BOTTOM,2.5,7.0,7.0,914.0,0.0,1
Kennen,JUNGLE,6.111111111111111,7.666666666666667,6.666666666666667,1345.0,0.5555555555555556,1
Kennen,MIDDLE,6.666666666666667,4.666666666666667,5.333333333333333,1571.6666666666667,0.6666666666666666,2
Kennen,NONE,2.0,3.176470588235294,2.0,757.1176470588235,0.47058823529411764,3
Kennen,TOP,5.634146341463414,7.439024390243903,6.536585365853658,1691.8536585365853,0.5121951219512195,1
Khazix,JUNGLE,9.201986754966887,6.013245033112582,7.049668874172186,1605.8841059602648,0.4900662251655629,1
Khazix,NONE,3.357142857142857,1.8214285714285714,2.017857142857143,773.4642857142857,0.5357142857142857,3
Khazix,TOP,9.5,6.0,10.5,1612.5,0.5,1
Kindred,BOTTOM,13.0,2.0,6.0,1379.0,1.0,2
Kindred,JUNGLE,8.467065868263473,7.053892215568863,7.832335329341317,1597.7185628742516,0.47904191616766467,1
Kindred,NONE,3.0303030303030303,2.787878787878788,2.3636363636363638,670.2424242424242,0.5151515151515151,3
Kindred,TOP,13.0,3.5,5.5,1330.5,1.0,2
Kled,JUNGLE,3.0,5.6,6.2,1750.6,0.2,1
Kled,MIDDLE,9.5,6.75,4.75,1740.25,0.75,2
Kled,NONE,3.1666666666666665,2.5833333333333335,2.25,951.0833333333334,0.5,3
Kled,TOP,7.84375,6.78125,7.375,1668.625,0.625,1
KogMaw,BOTTOM,8.475,7.258333333333334,6.883333333333334,1582.675,0.5166666666666667,1
KogMaw,JUNGLE,1.0,9.0,2.0,1789.0,1.0,2
KogMaw,MIDDLE,9.4,8.0,9.533333333333333,1546.0666666666666,0.8,2
KogMaw,NONE,3.4814814814814814,2.7777777777777777,2.259259259259259,727.1851851851852,0.5555555555555556,3
KogMaw,TOP,9.5,9.375,10.5,1748.875,0.625,1
Leblanc,BOTTOM,8.6,7.0,7.8,1718.6,0.4,1
Leblanc,JUNGLE,4.333333333333333,3.8333333333333335,9.0,1765.6666666666667,0.5,1
Leblanc,MIDDLE,8.311688311688311,5.242424242424242,7.034632034632034,1554.1774891774892,0.5108225108225108,1
Leblanc,NONE,2.769230769230769,1.8,1.7692307692307692,717.3230769230769,0.5692307692307692,3
Leblanc,TOP,8.55,6.3,6.65,1779.7,0.3,1
LeeSin,BOTTOM,9.833333333333334,7.833333333333333,9.166666666666666,1505.8333333333333,0.5,1
LeeSin,JUNGLE,7.81570996978852,6.403323262839879,9.338368580060424,1613.7099697885196,0.4501510574018127,1
LeeSin,MIDDLE,9.8,7.6,5.8,853.8,0.4,1
LeeSin,NONE,3.8230088495575223,2.1415929203539825,2.920353982300885,767.7610619469026,0.6283185840707964,3
LeeSin,TOP,8.476190476190476,7.571428571428571,7.0476190476190474,1706.4761904761904,0.42857142857142855,1
Leona,BOTTOM,1.9424778761061947,6.668141592920354,14.942477876106194,1598.7699115044247,0.5132743362831859,0
Leona,JUNGLE,1.0,9.5,20.5,1897.5,0.5,0
Leona,MIDDLE,3.0,8.352941176470589,15.0,1805.2941176470588,0.4117647058823529,0
Leona,NONE,0.9534883720930233,2.86046511627907,4.953488372093023,805.0,0.4883720930232558,3
Leona,TOP,4.0,8.0,8.6,1654.2,0.4,1
Lillia,BOTTOM,8.0,3.0,14.0,144.0,1.0,2
Lillia,JUNGLE,6.787096774193548,5.806451612903226,9.316129032258065,1604.116129032258,0.47096774193548385,1
Lillia,NONE,1.12,1.2,1.44,530.28,0.48,3
Lillia,TOP,5.0,9.0,5.0,1874.0,0.3333333333333333,1
Lissandra,BOTTOM,6.428571428571429,7.785714285714286,11.785714285714286,1932.7142857142858,0.5,1
Lissandra,JUNGLE,5.444444444444445,7.0,10.055555555555555,1556.0555555555557,0.5,1
Lissandra,MIDDLE,6.1796875,6.4453125,9.1015625,1563.4296875,0.5390625,1
Lissandra,NONE,2.40625,2.625,2.71875,761.71875,0.53125,3
Lissandra,TOP,4.916666666666667,6.277777777777778,9.0,1572.388888888889,0.4722222222222222,1
Lucian,BOTTOM,8.805496828752643,6.617336152219873,7.016913319238901,1585.2727272727273,0.5137420718816068,1
Lucian,JUNGLE,5.875,7.5,5.5,1654.75,0.25,1
Lucian,MIDDLE,8.481481481481481,7.0,6.314814814814815,1622.9814814814815,0.4444444444444444,1
Lucian,NONE,3.3300970873786406,2.6019417475728157,2.0388349514563107,768.3300970873786,0.46601941747572817,3
Lucian,TOP,6.866666666666666,6.6,5.4,1576.5333333333333,0.6,1
Lulu,BOTTOM,1.565015479876161,4.7105263157894735,16.38235294117647,1583.1594427244581,0.5263157894736842,0
Lulu,JUNGLE,2.0,5.4,18.3,1754.6,0.5,0
Lulu,MIDDLE,1.5853658536585367,4.804878048780488,15.512195121951219,1463.6097560975609,0.5609756097560976,0
Lulu,NONE,0.9513888888888888,1.75,5.388888888888889,744.7430555555555,0.5763888888888888,3
Lulu,TOP,2.625,4.0,16.75,1248.5,0.75,0
Lux,BOTTOM,5.589285714285714,6.432142857142857,11.721428571428572,1635.7035714285714,0.4785714285714286,1
Lux,JUNGLE,6.75,6.5,13.25,1600.75,0.75,2
Lux,MIDDLE,7.210666666666667,5.232,8.986666666666666,1613.544,0.49866666666666665,1
Lux,NONE,2.5796178343949046,1.9745222929936306,2.9808917197452227,788.4458598726114,0.5732484076433121,3
Lux,TOP,7.818181818181818,5.787878787878788,11.93939393939394,1823.5151515151515,0.5757575757575758,1
Malphite,BOTTOM,6.0,6.0,12.5,2083.5,0.5,1
Malphite,JUNGLE,4.5,5.875,7.625,1581.25,0.5,1
Malphite,MIDDLE,6.25531914893617,6.170212765957447,7.531914893617022,1580.063829787234,0.40425531914893614,1
Malphite,NONE,1.9583333333333333,2.1666666666666665,2.4166666666666665,712.3333333333334,0.5416666666666666,3
Malphite,TOP,5.121212121212121,5.5,8.537878787878787,1630.3333333333333,0.553030303030303,1
Malzahar,BOTTOM,5.0,3.0,12.0,1707.0,1.0,2
Malzahar,JUNGLE,7.5,3.0,10.5,1542.5,1.0,2
Malzahar,MIDDLE,5.35042735042735,5.931623931623932,8.341880341880342,1665.128205128205,0.5384615384615384,1
Malzahar,NONE,1.6296296296296295,2.185185185185185,2.4444444444444446,820.1481481481482,0.5185185185185185,3
Malzahar,TOP,5.714285714285714,4.785714285714286,7.642857142857143,1448.2142857142858,0.6428571428571429,1
Maokai,BOTTOM,2.3617021276595747,7.382978723404255,15.787234042553191,1519.340425531915,0.5106382978723404,0
Maokai,JUNGLE,3.9361702127659575,5.723404255319149,10.574468085106384,1597.936170212766,0.3191489361702128,1
Maokai,MIDDLE,4.285714285714286,5.857142857142857,18.714285714285715,1748.4285714285713,1.0,0
Maokai,NONE,1.5625,2.65625,3.28125,753.6875,0.53125,3
Maokai,TOP,3.4029850746268657,4.880597014925373,9.761194029850746,1647.6567164179105,0.5522388059701493,0
MasterYi,BOTTOM,4.5,5.0,5.5,1356.0,0.5,1
MasterYi,JUNGLE,10.138728323699421,6.710982658959537,5.907514450867052,1614.4913294797689,0.5491329479768786,1
MasterYi,NONE,3.263157894736842,1.4736842105263157,1.9473684210526316,672.4736842105264,0.631578947368421,3
MasterYi,TOP,5.666666666666667,8.333333333333334,4.333333333333333,1550.3333333333333,0.3333333333333333,1
Milio,BOTTOM,0.9052369077306733,4.169576059850374,16.643391521197007,1598.6209476309227,0.543640897755611,0
Milio,JUNGLE,0.3333333333333333,6.0,16.0,1731.6666666666667,0.6666666666666666,0
Milio,MIDDLE,1.04,4.4,17.08,1398.92,0.52,0
Milio,NONE,0.5421686746987951,1.6987951807228916,4.0602409638554215,724.7349397590361,0.37349397590361444,3
Milio,TOP,0.5,3.5,16.0,1903.0,0.5,0
MissFortune,BOTTOM,7.884146341463414,6.371951219512195,7.612804878048781,1576.689024390244,0.5,1
MissFortune,JUNGLE,8.4,5.8,9.6,1675.0,0.6,1
MissFortune,MIDDLE,6.260869565217392,6.086956521739131,9.26086956521739,1573.0,0.6521739130434783,1
MissFortune,NONE,3.4246575342465753,2.287671232876712,2.9863013698630136,776.027397260274,0.589041095890411,3
MissFortune,TOP,6.666666666666667,5.666666666666667,6.5,1475.6666666666667,0.3333333333333333,1
MonkeyKing,JUNGLE,7.088050314465409,6.09433962264151,8.40251572327044,1617.2138364779873,0.49056603773584906,1
MonkeyKing,MIDDLE,8.083333333333334,5.875,4.208333333333333,1572.7083333333333,0.5416666666666666,1
MonkeyKing,NONE,2.688888888888889,2.0444444444444443,2.1777777777777776,819.5111111111111,0.4222222222222222,3
MonkeyKing,TOP,8.242424242424242,5.7272727272727275,5.5,1610.1060606060605,0.5454545454545454,1
Mordekaiser,JUNGLE,7.553571428571429,6.160714285714286,4.857142857142857,1430.1964285714287,0.4107142857142857,1
Mordekaiser,MIDDLE,6.117647058823529,5.176470588235294,4.0,1546.5294117647059,0.4117647058823529,1
Mordekaiser,NONE,1.9090909090909092,2.2545454545454544,0.7090909090909091,715.9454545454546,0.4,3
Mordekaiser,TOP,6.202247191011236,6.224719101123595,4.51685393258427,1652.314606741573,0.4438202247191011,1
Morgana,BOTTOM,2.6785714285714284,6.883928571428571,14.660714285714286,1522.107142857143,0.42857142857142855,0
Morgana,JUNGLE,5.608695652173913,5.869565217391305,12.130434782608695,1580.3478260869565,0.43478260869565216,1
Morgana,MIDDLE,3.35,5.05,12.1,1605.05,0.6,0
Morgana,NONE,0.7037037037037037,1.6666666666666667,3.6296296296296298,675.0370370370371,0.48148148148148145,3
Morgana,TOP,5.2,8.0,9.6,1447.0,0.4,1
Naafiri,BOTTOM,5.5,8.5,4.0,708.5,0.0,1
Naafiri,JUNGLE,5.666666666666667,5.333333333333333,4.333333333333333,1484.3333333333333,0.3333333333333333,1
Naafiri,MIDDLE,8.44186046511628,7.27906976744186,5.023255813953488,1551.6511627906978,0.46511627906976744,1
Naafiri,NONE,3.888888888888889,2.7777777777777777,1.2222222222222223,826.2222222222222,0.2222222222222222,3
Naafiri,TOP,5.25,8.125,4.5,1543.625,0.25,1
Nami,BOTTOM,1.7580340264650283,5.289224952741021,16.742911153119092,1599.9073724007562,0.5311909262759924,0
Nami,JUNGLE,3.0,9.0,19.0,1959.0,0.0,0
Nami,MIDDLE,3.0,5.2727272727272725,20.045454545454547,1485.8636363636363,0.6363636363636364,0
Nami,NONE,0.9322033898305084,2.1864406779661016,5.559322033898305,815.957627118644,0.5,3
Nami,TOP,1.0833333333333333,6.166666666666667,15.416666666666666,1782.1666666666667,0.25,0
Nasus,BOTTOM,6.5,3.25,10.25,2074.0,0.75,2
Nasus,JUNGLE,5.636363636363637,5.7727272727272725,8.136363636363637,1492.0,0.5909090909090909,1
Nasus,MIDDLE,5.2727272727272725,5.909090909090909,4.545454545454546,1594.7272727272727,0.36363636363636365,1
Nasus,NONE,1.3333333333333333,2.1333333333333333,1.0333333333333334,740.1333333333333,0.5333333333333333,3
Nasus,TOP,4.89622641509434,5.452830188679245,5.273584905660377,1582.7358490566037,0.5660377358490566,1
Nautilus,BOTTOM,2.184322033898305,6.620762711864407,15.641949152542374,1597.540254237288,0.5169491525423728,0
Nautilus,JUNGLE,3.6363636363636362,8.272727272727273,15.363636363636363,1335.5454545454545,0.6363636363636364,0
Nautilus,MIDDLE,2.245614035087719,6.666666666666667,15.56140350877193,1560.1754385964912,0.5614035087719298,0
Nautilus,NONE,0.8928571428571429,2.6964285714285716,4.625,766.1964285714286,0.42857142857142855,3
Nautilus,TOP,2.2222222222222223,6.5,16.27777777777778,1503.2222222222222,0.6666666666666666,0
Neeko,BOTTOM,3.875,7.017857142857143,12.0,1605.75,0.5357142857142857,0
Neeko,JUNGLE,4.5,8.5,8.5,1063.5,0.5,1
Neeko,MIDDLE,5.75,6.020833333333333,9.333333333333334,1666.7291666666667,0.4166666666666667,1
Neeko,NONE,1.7272727272727273,2.090909090909091,3.1363636363636362,688.5,0.5,3
Neeko,TOP,4.571428571428571,5.428571428571429,6.857142857142857,1364.857142857143,0.42857142857142855,1
Nidalee,BOTTOM,13.5,4.5,6.0,854.5,0.5,1
Nidalee,JUNGLE,8.112068965517242,5.853448275862069,8.78448275862069,1547.301724137931,0.46551724137931033,1
Nidalee,MIDDLE,12.0,4.5,6.333333333333333,1809.1666666666667,0.6666666666666666,2
Nidalee,NONE,4.108108108108108,1.6216216216216217,1.837837837837838,690.6756756756756,0.4864864864864865,3
Nidalee,TOP,10.227272727272727,3.4545454545454546,6.863636363636363,1311.5454545454545,0.6363636363636364,2
Nilah,BOTTOM,7.472727272727273,6.636363636363637,6.836363636363636,1607.2363636363636,0.5272727272727272,1
Nilah,JUNGLE,11.0,5.2,7.0,1368.2,0.8,2
Nilah,MIDDLE,8.333333333333334,4.333333333333333,5.666666666666667,1808.5,0.6666666666666666,2
Nilah,NONE,3.5,2.2777777777777777,1.1666666666666667,794.5,0.4444444444444444,3
Nilah,TOP,10.666666666666666,4.666666666666667,8.333333333333334,1137.6666666666667,1.0,2
Nocturne,BOTTOM,2.0,2.0,8.0,1573.0,1.0,2
Nocturne,JUNGLE,7.192771084337349,6.036144578313253,9.114457831325302,1631.4518072289156,0.4879518072289157,1
Nocturne,NONE,1.5909090909090908,2.0,2.0,583.0454545454545,0.5,3
Nocturne,TOP,6.0,4.0,0.0,1643.0,0.0,1
Nunu,BOTTOM,6.5,14.5,16.0,2100.0,0.0,1
Nunu,JUNGLE,5.571428571428571,6.846153846153846,13.274725274725276,1665.2087912087911,0.5054945054945055,0
Nunu,MIDDLE,10.066666666666666,8.8,9.0,1772.1333333333334,0.4,1
Nunu,NONE,1.8,1.95,3.7,613.45,0.5,3
Nunu,TOP,0.0,9.0,1.0,1275.0,0.0,1
Olaf,JUNGLE,8.1875,5.96875,6.25,1592.34375,0.5,1
Olaf,MIDDLE,11.0,6.333333333333333,4.833333333333333,1362.8333333333333,0.8333333333333334,2
Olaf,NONE,2.9375,3.0,0.8125,825.6875,0.5,3
Olaf,TOP,6.553846153846154,7.553846153846154,4.876923076923077,1633.1538461538462,0.47692307692307695,1
Orianna,BOTTOM,2.0,5.333333333333333,14.333333333333334,1803.6666666666667,0.6666666666666666,0
Orianna,MIDDLE,5.699453551912568,5.4863387978142075,9.311475409836065,1596.0109289617487,0.4918032786885246,1
Orianna,NONE,2.032258064516129,3.096774193548387,2.6774193548387095,856.0645161290323,0.3225806451612903,3
Orianna,TOP,5.066666666666666,4.466666666666667,7.4,1486.9333333333334,0.5333333333333333,1
Ornn,BOTTOM,6.0,7.0,12.0,1868.0,1.0,2
Ornn,JUNGLE,4.0,4.444444444444445,11.0,1565.5555555555557,0.5555555555555556,0
Ornn,MIDDLE,3.6666666666666665,5.25,9.333333333333334,1643.5833333333333,0.5833333333333334,1
Ornn,NONE,1.5,1.9666666666666666,2.3333333333333335,738.9666666666667,0.4666666666666667,3
Ornn,TOP,3.547169811320755,4.509433962264151,8.20754716981132,1564.7169811320755,0.4811320754716981,1
Pantheon,BOTTOM,7.178571428571429,9.0,12.142857142857142,1755.142857142857,0.5714285714285714,1
Pantheon,JUNGLE,8.969072164948454,6.762886597938144,7.845360824742268,1577.0309278350514,0.5773195876288659,1
Pantheon,MIDDLE,7.6,5.8,6.666666666666667,1507.4666666666667,0.6,1
Pantheon,NONE,4.564102564102564,2.5641025641025643,2.6666666666666665,897.6153846153846,0.5384615384615384,3
Pantheon,TOP,7.153846153846154,7.384615384615385,6.892307692307693,1618.5076923076922,0.5230769230769231,1
Poppy,BOTTOM,4.4766355140186915,7.252336448598131,13.299065420560748,1665.766355140187,0.5607476635514018,0
Poppy,JUNGLE,5.410958904109589,5.287671232876712,9.0,1574.8082191780823,0.5068493150684932,1
Poppy,MIDDLE,5.914285714285715,6.114285714285714,11.17142857142857,1634.1714285714286,0.6571428571428571,1
Poppy,NONE,2.235294117647059,2.376470588235294,3.0588235294117645,781.8235294117648,0.611764705882353,3
Poppy,TOP,5.394160583941606,5.591240875912408,6.518248175182482,1657.941605839416,0.4744525547445255,1
Pyke,BOTTOM,6.9324324324324325,7.7792792792792795,10.977477477477477,1596.3783783783783,0.481981981981982,1
Pyke,JUNGLE,6.333333333333333,10.0,9.5,1721.8333333333333,0.5,1
Pyke,MIDDLE,8.071428571428571,7.333333333333333,10.071428571428571,1521.2380952380952,0.35714285714285715,1
Pyke,NONE,2.1551724137931036,2.3448275862068964,3.6724137931034484,641.551724137931,0.46551724137931033,3
Pyke,TOP,6.2,6.0,12.8,1363.2,0.8,2
Qiyana,JUNGLE,6.2,8.0,8.8,1407.4,0.2,1
Qiyana,MIDDLE,9.629032258064516,6.612903225806452,5.338709677419355,1673.9354838709678,0.45161290322580644,1
Qiyana,NONE,3.25,1.9166666666666667,2.1666666666666665,818.4166666666666,0.5833333333333334,3
Qiyana,TOP,7.6,5.3,6.3,1473.2,0.7,2
Quinn,BOTTOM,11.0,5.0,10.0,1682.0,1.0,2
Quinn,JUNGLE,9.392857142857142,7.75,6.321428571428571,1793.9285714285713,0.5,1
Quinn,MIDDLE,10.666666666666666,5.75,7.5,1675.0,0.75,2
Quinn,NONE,2.909090909090909,2.5454545454545454,2.409090909090909,860.0454545454545,0.5454545454545454,3
Quinn,TOP,9.566037735849056,7.150943396226415,6.754716981132075,1589.301886792453,0.4716981132075472,1
Rakan,BOTTOM,1.5627376425855513,5.923954372623574,16.73384030418251,1594.1749049429657,0.4866920152091255,0
Rakan,JUNGLE,3.6666666666666665,4.666666666666667,21.0,1499.0,1.0,0
Rakan,MIDDLE,1.391304347826087,6.826086956521739,16.391304347826086,1315.4347826086957,0.391304347826087,0
Rakan,NONE,0.8656716417910447,2.5074626865671643,5.507462686567164,776.5522388059702,0.417910447761194,3
Rakan,TOP,2.2857142857142856,5.428571428571429,12.857142857142858,1307.857142857143,0.2857142857142857,0
Rammus,BOTTOM,3.0,15.0,23.0,2035.0,1.0,0
Rammus,JUNGLE,5.055555555555555,5.208333333333333,13.26388888888889,1579.361111111111,0.5277777777777778,0
Rammus,NONE,1.2222222222222223,1.5555555555555556,4.388888888888889,605.5555555555555,0.7222222222222222,3
Rammus,TOP,3.0,7.166666666666667,5.666666666666667,1420.5,0.5,1
RekSai,JUNGLE,8.37190082644628,6.024793388429752,9.809917355371901,1674.5619834710744,0.4628099173553719,1
RekSai,MIDDLE,8.0,7.0,11.0,1872.0,0.0,1
RekSai,NONE,2.8076923076923075,1.4615384615384615,3.0384615384615383,698.1153846153846,0.6923076923076923,3
RekSai,TOP,3.9,4.1,7.9,1625.6,0.5,1
Rell,BOTTOM,2.072398190045249,6.927601809954751,17.56108597285068,1599.2398190045249,0.46153846153846156,0
Rell,JUNGLE,2.3333333333333335,8.666666666666666,26.0,2053.0,0.3333333333333333,0
Rell,MIDDLE,2.1363636363636362,7.363636363636363,19.59090909090909,1499.5,0.5,0
Rell,NONE,0.9791666666666666,2.5,6.458333333333333,748.0833333333334,0.5208333333333334,3
Rell,TOP,1.75,7.75,22.0,1818.25,0.75,0
Renata,BOTTOM,1.9883720930232558,6.244186046511628,14.790697674418604,1449.3372093023256,0.38372093023255816,0
Renata,JUNGLE,2.0,6.0,17.0,800.0,1.0,0
Renata,MIDDLE,1.0,6.75,7.25,1382.0,0.25,1
Renata,NONE,0.8095238095238095,1.5714285714285714,5.904761904761905,723.047619047619,0.6666666666666666,3
Renata,TOP,2.0,1.0,18.0,1619.0,1.0,0
Renekton,BOTTOM,7.5,6.0,4.5,1538.5,0.0,1
Renekton,JUNGLE,5.655737704918033,6.836065573770492,5.80327868852459,1424.4262295081967,0.4918032786885246,1
Renekton,MIDDLE,5.708333333333333,5.916666666666667,6.375,1595.3333333333333,0.5833333333333334,1
Renekton,NONE,2.788732394366197,2.352112676056338,1.4225352112676057,787.2394366197183,0.43661971830985913,3
Renekton,TOP,5.5,6.413636363636364,5.55,1610.9818181818182,0.4954545454545455,1
Rengar,BOTTOM,10.037037037037036,6.444444444444445,6.481481481481482,1687.7037037037037,0.5185185185185185,1
Rengar,JUNGLE,8.445255474452555,6.781021897810219,7.408759124087592,1617.6496350364964,0.46715328467153283,1
Rengar,MIDDLE,6.5,6.5,3.5,1429.5,0.0,1
Rengar,NONE,4.702702702702703,2.891891891891892,3.108108108108108,873.7027027027027,0.5405405405405406,3
Rengar,TOP,4.454545454545454,6.363636363636363,3.6363636363636362,1341.4545454545455,0.36363636363636365,1
Riven,JUNGLE,7.744186046511628,5.744186046511628,5.441860465116279,1613.5581395348838,0.6744186046511628,2
Riven,MIDDLE,9.419354838709678,5.967741935483871,5.838709677419355,1602.0967741935483,0.6129032258064516,2
Riven,NONE,3.125,2.975,1.025,747.575,0.475,3
Riven,TOP,7.419512195121952,6.560975609756097,5.273170731707317,1621.0731707317073,0.5463414634146342,1
Rumble,BOTTOM,4.777777777777778,7.888888888888889,11.0,1882.888888888889,0.5555555555555556,1
Rumble,JUNGLE,8.041666666666666,4.875,7.791666666666667,1421.2916666666667,0.625,2
Rumble,MIDDLE,6.555555555555555,5.7407407407407405,6.185185185185185,1628.6296296296296,0.2962962962962963,1
Rumble,NONE,2.0,2.878787878787879,1.6363636363636365,723.030303030303,0.3333333333333333,3
Rumble,TOP,7.0625,6.15,6.9375,1533.325,0.525,1
Ryze,JUNGLE,6.25,5.75,7.125,1680.375,0.625,1
Ryze,MIDDLE,6.308411214953271,5.757009345794392,6.934579439252336,1578.6355140186915,0.5327102803738317,1
Ryze,NONE,1.5555555555555556,1.6111111111111112,1.2222222222222223,614.0,0.5,3
Ryze,TOP,5.882352941176471,6.745098039215686,5.470588235294118,1617.7843137254902,0.43137254901960786,1
Samira,BOTTOM,10.471502590673575,7.196891191709844,5.300518134715026,1541.4870466321242,0.48186528497409326,1
Samira,JUNGLE,15.0,11.0,10.0,1691.0,1.0,2
Samira,MIDDLE,10.772727272727273,6.681818181818182,4.7272727272727275,1528.8636363636363,0.6363636363636364,2
Samira,NONE,5.0,2.810810810810811,2.2972972972972974,848.2702702702703,0.6216216216216216,3
Samira,TOP,9.375,7.125,5.5,1335.75,0.5,1
Sejuani,BOTTOM,3.3333333333333335,7.666666666666667,14.333333333333334,1943.6666666666667,0.3333333333333333,0
Sejuani,JUNGLE,4.48695652173913,5.2,12.173913043478262,1541.4260869565217,0.4782608695652174,0
Sejuani,MIDDLE,5.5,6.0,14.0,2171.5,0.5,0
Sejuani,NONE,2.0952380952380953,1.8095238095238095,3.4761904761904763,757.6190476190476,0.6666666666666666,3
Sejuani,TOP,5.8,5.0,6.8,1299.4,0.2,1
Senna,BOTTOM,3.7360248447204967,6.105590062111801,15.385093167701863,1555.94099378882,0.546583850931677,0
Senna,JUNGLE,4.0,5.25,16.125,1703.0,0.75,0
Senna,MIDDLE,2.625,6.416666666666667,15.041666666666666,1677.5833333333333,0.4166666666666667,0
Senna,NONE,1.453125,2.65625,4.859375,736.234375,0.4375,3
Senna,TOP,4.5,5.7,17.8,1576.1,0.8,0
Seraphine,BOTTOM,3.756637168141593,5.4734513274336285,14.283185840707965,1579.212389380531,0.5796460176991151,0
Seraphine,JUNGLE,6.0,3.5,12.0,1640.0,1.0,2
Seraphine,MIDDLE,6.679245283018868,5.283018867924528,12.132075471698114,1609.4528301886792,0.4716981132075472,1
Seraphine,NONE,1.7014925373134329,1.9104477611940298,4.701492537313433,694.4626865671642,0.5970149253731343,3
Seraphine,TOP,5.142857142857143,5.428571428571429,12.714285714285714,1749.4285714285713,0.7142857142857143,0
Sett,JUNGLE,6.105263157894737,6.947368421052632,4.947368421052632,1492.3947368421052,0.6052631578947368,1
Sett,MIDDLE,5.6,6.666666666666667,5.266666666666667,1556.5333333333333,0.5333333333333333,1
Sett,NONE,2.5454545454545454,2.515151515151515,1.0606060606060606,712.939393939394,0.3939393939393939,3
Sett,TOP,6.556451612903226,6.895161290322581,5.17741935483871,1642.5725806451612,0.47580645161290325,1
Shaco,BOTTOM,6.295454545454546,7.909090909090909,12.727272727272727,1663.8863636363637,0.4772727272727273,1
Shaco,JUNGLE,8.625,6.423611111111111,7.715277777777778,1676.6805555555557,0.4513888888888889,1
Shaco,MIDDLE,7.0,9.2,14.4,1454.6,0.4,1
Shaco,NONE,3.0606060606060606,2.3636363636363638,2.515151515151515,679.2121212121212,0.3939393939393939,3
Shaco,TOP,6.75,5.625,10.875,1638.25,0.5,1
Shen,BOTTOM,3.263157894736842,7.105263157894737,13.526315789473685,1561.2105263157894,0.21052631578947367,0
Shen,JUNGLE,4.315789473684211,5.2631578947368425,12.868421052631579,1816.7368421052631,0.5263157894736842,0
Shen,MIDDLE,5.95,5.05,11.2,1716.0,0.65,2
Shen,NONE,2.55,1.9,3.475,819.175,0.525,3
Shen,TOP,4.373737373737374,5.292929292929293,10.505050505050505,1538.979797979798,0.5252525252525253,1
Shyvana,JUNGLE,7.524752475247524,6.485148514851486,8.128712871287128,1693.5940594059407,0.48514851485148514,1
Shyvana,MIDDLE,5.5,7.5,5.5,1928.5,0.5,1
Shyvana,NONE,2.0,3.6153846153846154,1.3076923076923077,759.5384615384615,0.15384615384615385,3
Shyvana,TOP,6.2,6.8,7.2,1793.4,0.4,1
Singed,BOTTOM,5.607142857142857,5.5,11.464285714285714,1684.5714285714287,0.4642857142857143,1
Singed,JUNGLE,7.444444444444445,6.555555555555555,11.148148148148149,1604.4814814814815,0.4074074074074074,1
Singed,MIDDLE,5.380952380952381,4.904761904761905,8.904761904761905,1528.952380952381,0.3333333333333333,1
Singed,NONE,1.7391304347826086,2.347826086956522,1.4782608695652173,627.3478260869565,0.34782608695652173,3
Singed,TOP,3.6136363636363638,6.25,8.340909090909092,1540.6818181818182,0.5909090909090909,1
Sion,BOTTOM,3.3333333333333335,7.833333333333333,9.0,1434.8333333333333,0.16666666666666666,1
Sion,JUNGLE,6.473684210526316,5.447368421052632,9.026315789473685,1687.3947368421052,0.5,1
Sion,MIDDLE,4.7407407407407405,6.851851851851852,8.037037037037036,1719.3703703703704,0.5925925925925926,1
Sion,NONE,1.6538461538461537,1.8461538461538463,1.3846153846153846,662.9615384615385,0.46153846153846156,3
Sion,TOP,5.546218487394958,6.689075630252101,7.890756302521009,1680.5210084033613,0.4957983193277311,1
Sivir,BOTTOM,6.086206896551724,5.787356321839081,9.741379310344827,1643.3275862068965,0.603448275862069,1
Sivir,JUNGLE,5.333333333333333,7.333333333333333,10.0,1850.6666666666667,1.0,2
Sivir,MIDDLE,7.181818181818182,5.636363636363637,7.454545454545454,1264.909090909091,0.6363636363636364,1
Sivir,NONE,1.7692307692307692,2.41025641025641,2.3333333333333335,810.5384615384615,0.46153846153846156,3
Sivir,TOP,5.3,7.1,7.3,1249.0,0.6,1
Skarner,BOTTOM,3.4,6.3,12.4,1786.4,0.5,0
Skarner,JUNGLE,5.72289156626506,5.343373493975903,12.186746987951807,1641.6265060240964,0.5,1
Skarner,MIDDLE,3.2,7.0,10.6,1523.0,0.4,1
Skarner,NONE,1.6363636363636365,1.7575757575757576,3.212121212121212,636.1515151515151,0.5151515151515151,3
Skarner,TOP,4.608695652173913,5.6521739130434785,9.159420289855072,1473.144927536232,0.5507246376811594,1
Smolder,BOTTOM,7.057401812688822,6.13595166163142,7.6555891238670695,1648.8731117824773,0.459214501510574,1
Smolder,JUNGLE,6.571428571428571,6.428571428571429,7.714285714285714,1300.2142857142858,0.35714285714285715,1
Smolder,MIDDLE,5.48936170212766,6.920212765957447,6.7712765957446805,1591.6914893617022,0.35106382978723405,1
Smolder,NONE,1.9540229885057472,3.367816091954023,1.9770114942528736,790.7471264367816,0.3793103448275862,3
Smolder,TOP,6.607142857142857,7.464285714285714,6.892857142857143,1738.5714285714287,0.4642857142857143,1
Sona,BOTTOM,2.5069444444444446,4.958333333333333,16.729166666666668,1595.4305555555557,0.5138888888888888,0
Sona,JUNGLE,3.5,9.0,19.5,1034.5,0.0,0
Sona,MIDDLE,1.125,6.375,14.75,1660.375,0.375,0
Sona,NONE,1.358974358974359,2.3333333333333335,6.205128205128205,813.5897435897435,0.46153846153846156,3
Sona,TOP,3.5,4.5,24.5,1189.5,1.0,0
Soraka,BOTTOM,0.8788819875776398,5.080745341614906,16.770186335403725,1582.245341614907,0.5652173913043478,0
Soraka,JUNGLE,2.0,5.666666666666667,18.666666666666668,2027.3333333333333,0.6666666666666666,0
Soraka,MIDDLE,0.8,6.2,14.8,1162.1,0.6,0
Soraka,NONE,0.5161290322580645,1.564516129032258,5.370967741935484,674.4516129032259,0.6290322580645161,3
Soraka,TOP,0.3333333333333333,4.333333333333333,17.666666666666668,2016.0,0.6666666666666666,0
Swain,BOTTOM,5.175925925925926,7.564814814814815,12.796296296296296,1507.7962962962963,0.5185185185185185,0
Swain,JUNGLE,6.0,1.0,4.0,1407.0,1.0,2
Swain,MIDDLE,6.103896103896104,6.545454545454546,10.441558441558442,1680.7792207792209,0.5714285714285714,1
Swain,NONE,2.7435897435897436,3.0,3.128205128205128,814.1794871794872,0.46153846153846156,3
Swain,TOP,5.897435897435898,6.717948717948718,9.666666666666666,1711.4358974358975,0.5897435897435898,1
Sylas,BOTTOM,6.620689655172414,9.310344827586206,10.724137931034482,1714.0344827586207,0.5172413793103449,1
Sylas,JUNGLE,9.12962962962963,7.2592592592592595,7.388888888888889,1617.8333333333333,0.37037037037037035,1
Sylas,MIDDLE,8.17989417989418,7.005291005291006,7.026455026455026,1579.2169312169312,0.47619047619047616,1
Sylas,NONE,3.6911764705882355,2.985294117647059,2.5,840.0441176470588,0.5294117647058824,3
Sylas,TOP,6.639344262295082,8.278688524590164,6.672131147540983,1501.0655737704917,0.32786885245901637,1
Syndra,BOTTOM,8.166666666666666,6.833333333333333,7.833333333333333,1820.8333333333333,0.5,1
Syndra,JUNGLE,0.0,7.0,6.0,1636.0,1.0,2
Syndra,MIDDLE,7.293023255813954,6.013953488372093,6.767441860465116,1605.5674418604651,0.46511627906976744,1
Syndra,NONE,1.8636363636363635,2.4318181818181817,1.3181818181818181,774.3863636363636,0.45454545454545453,3
Syndra,TOP,5.9411764705882355,5.588235294117647,6.294117647058823,1488.5882352941176,0.5882352941176471,1
TahmKench,BOTTOM,4.1571428571428575,6.814285714285714,12.685714285714285,1668.05,0.5571428571428572,0
TahmKench,JUNGLE,4.545454545454546,6.090909090909091,10.909090909090908,1588.090909090909,0.45454545454545453,1
TahmKench,MIDDLE,5.538461538461538,6.846153846153846,10.5,1653.0,0.46153846153846156,1
TahmKench,NONE,1.78125,2.65625,3.53125,688.5,0.625,3
TahmKench,TOP,5.905405405405405,5.22972972972973,8.716216216216216,1531.4324324324325,0.5675675675675675,1
Taliyah,BOTTOM,8.571428571428571,9.714285714285714,12.714285714285714,1751.5714285714287,0.42857142857142855,1
Taliyah,JUNGLE,6.5285714285714285,6.742857142857143,9.985714285714286,1623.8428571428572,0.4357142857142857,1
Taliyah,MIDDLE,5.872340425531915,6.773049645390071,9.085106382978724,1587.7517730496454,0.49645390070921985,1
Taliyah,NONE,2.269230769230769,3.0384615384615383,2.3461538461538463,752.3076923076923,0.40384615384615385,3
Taliyah,TOP,7.642857142857143,6.285714285714286,8.857142857142858,1526.2857142857142,0.6428571428571429,2
Talon,JUNGLE,9.831460674157304,6.876404494382022,8.438202247191011,1674.8988764044943,0.5730337078651685,1
Talon,MIDDLE,9.333333333333334,7.840579710144928,5.2898550724637685,1622.072463768116,0.42028985507246375,1
Talon,NONE,2.64,1.8,1.52,628.4,0.6,3
Talon,TOP,9.0,6.875,6.0,1738.0,0.625,1
Taric,BOTTOM,1.8518518518518519,6.611111111111111,19.203703703703702,1549.7962962962963,0.5555555555555556,0
Taric,JUNGLE,2.7,4.8,14.95,1492.5,0.55,0
Taric,MIDDLE,3.0,8.0,22.0,1686.1666666666667,0.6666666666666666,0
Taric,NONE,0.8888888888888888,3.111111111111111,9.333333333333334,866.7777777777778,0.6111111111111112,3
Taric,TOP,2.0,8.0,2.0,1217.0,0.0,1
Teemo,BOTTOM,5.0,11.4,9.6,1793.8,0.2,1
Teemo,JUNGLE,6.225806451612903,6.225806451612903,6.548387096774194,1615.2903225806451,0.5806451612903226,1
Teemo,MIDDLE,8.6,8.2,6.6,2033.0,0.2,1
Teemo,NONE,1.0,0.75,1.125,568.0,0.375,3
Teemo,TOP,5.452830188679245,6.245283018867925,5.660377358490566,1560.754716981132,0.49056603773584906,1
Thresh,BOTTOM,1.9833641404805915,6.290203327171904,15.724584103512015,1593.1404805914972,0.4805914972273567,0
Thresh,JUNGLE,2.6,6.0,13.6,1659.2,0.2,0
Thresh,MIDDLE,1.8888888888888888,7.044444444444444,17.377777777777776,1693.0222222222221,0.6222222222222222,0
Thresh,NONE,1.1844660194174756,2.4271844660194173,5.145631067961165,757.4174757281553,0.47572815533980584,3
Thresh,TOP,2.4,8.533333333333333,15.333333333333334,1871.6,0.4666666666666667,0
Tristana,BOTTOM,8.74766355140187,5.803738317757009,5.841121495327103,1537.392523364486,0.4485981308411215,1
Tristana,JUNGLE,10.0,9.0,6.285714285714286,1814.5714285714287,0.42857142857142855,1
Tristana,MIDDLE,7.673076923076923,6.596153846153846,5.240384615384615,1615.2403846153845,0.47115384615384615,1
Tristana,NONE,2.659090909090909,2.5454545454545454,1.6363636363636365,761.9772727272727,0.4772727272727273,3
Tristana,TOP,8.61111111111111,5.5,4.944444444444445,1760.611111111111,0.5555555555555556,1
Trundle,BOTTOM,8.0,4.0,6.0,1543.0,1.0,2
Trundle,JUNGLE,7.029411764705882,6.4411764705882355,7.205882352941177,1698.0,0.6176470588235294,1
Trundle,MIDDLE,7.555555555555555,6.777777777777778,6.555555555555555,1913.4444444444443,0.7777777777777778,2
Trundle,NONE,2.347826086956522,2.9565217391304346,1.608695652173913,763.7391304347826,0.4782608695652174,3
Trundle,TOP,5.076190476190476,7.447619047619048,4.6,1637.4857142857143,0.5238095238095238,1
Tryndamere,BOTTOM,0.0,2.0,3.0,1233.0,0.0,3
Tryndamere,JUNGLE,6.35,5.7,4.25,1503.05,0.6,1
Tryndamere,MIDDLE,7.9,5.8,4.4,1754.6,0.9,2
Tryndamere,NONE,3.6666666666666665,2.0,1.3888888888888888,753.4444444444445,0.5555555555555556,3
Tryndamere,TOP,6.7974683544303796,6.443037974683544,4.594936708860759,1633.0379746835442,0.4936708860759494,1
TwistedFate,BOTTOM,6.933333333333334,7.333333333333333,10.533333333333333,1692.0666666666666,0.4666666666666667,1
TwistedFate,JUNGLE,5.933333333333334,8.133333333333333,5.333333333333333,1543.6666666666667,0.3333333333333333,1
TwistedFate,MIDDLE,5.545454545454546,6.4818181818181815,8.572727272727272,1566.1,0.4636363636363636,1
TwistedFate,NONE,2.1923076923076925,3.1538461538461537,1.6538461538461537,793.3846153846154,0.3076923076923077,3
TwistedFate,TOP,5.256410256410256,7.897435897435898,5.461538461538462,1451.128205128205,0.358974358974359,1
Twitch,BOTTOM,9.27450980392157,6.339869281045751,7.209150326797386,1538.0,0.46405228758169936,1
Twitch,JUNGLE,12.045454545454545,6.454545454545454,6.5,1576.2727272727273,0.4090909090909091,1
Twitch,MIDDLE,10.666666666666666,6.4,8.2,1797.6,0.6,2
Twitch,NONE,3.3076923076923075,2.3076923076923075,2.4358974358974357,734.7435897435897,0.5384615384615384,3
Twitch,TOP,8.0,11.5,7.0,1637.0,0.0,1
Udyr,BOTTOM,5.0,9.0,11.25,2088.25,0.5,1
Udyr,JUNGLE,6.036842105263158,5.405263157894737,8.336842105263157,1651.221052631579,0.5,1
Udyr,MIDDLE,4.5,8.0,6.0,1819.5,0.0,1
Udyr,NONE,2.2857142857142856,1.5952380952380953,2.1904761904761907,703.3809523809524,0.5238095238095238,3
Udyr,TOP,4.055555555555555,5.333333333333333,6.0,1485.0555555555557,0.3888888888888889,1
Urgot,JUNGLE,6.954545454545454,6.7272727272727275,5.409090909090909,1837.2727272727273,0.5,1
Urgot,MIDDLE,9.0,6.166666666666667,5.0,1744.3333333333333,0.6666666666666666,2
Urgot,NONE,1.3846153846153846,1.2307692307692308,0.9230769230769231,678.0,0.7692307692307693,3
Urgot,TOP,6.5,7.1923076923076925,5.730769230769231,1749.6025641025642,0.38461538461538464,1
Varus,BOTTOM,7.69377990430622,6.401913875598086,7.732057416267943,1606.0454545454545,0.4880382775119617,1
Varus,JUNGLE,9.533333333333333,6.933333333333334,8.8,1609.7333333333333,0.7333333333333333,2
Varus,MIDDLE,8.155555555555555,6.444444444444445,7.333333333333333,1623.7111111111112,0.4222222222222222,1
Varus,NONE,2.9878048780487805,2.9390243902439024,2.317073170731707,806.1829268292682,0.5,3
Varus,TOP,7.37037037037037,8.148148148148149,6.407407407407407,1427.4074074074074,0.5555555555555556,1
Vayne,BOTTOM,8.00749063670412,6.367041198501872,6.022471910112359,1576.314606741573,0.4756554307116105,1
Vayne,JUNGLE,6.166666666666667,6.583333333333333,3.3333333333333335,1148.5833333333333,0.6666666666666666,1
Vayne,MIDDLE,8.0,7.142857142857143,5.666666666666667,1465.8095238095239,0.47619047619047616,1
Vayne,NONE,2.6792452830188678,2.7547169811320753,1.6981132075471699,771.2641509433962,0.5283018867924528,3
Vayne,TOP,6.365384615384615,6.730769230769231,4.5576923076923075,1570.923076923077,0.5576923076923077,1
Veigar,BOTTOM,7.294117647058823,5.862745098039215,7.352941176470588,1651.9803921568628,0.47058823529411764,1
Veigar,MIDDLE,6.872340425531915,5.5177304964539005,5.943262411347518,1516.212765957447,0.5035460992907801,1
Veigar,NONE,2.340909090909091,1.8409090909090908,1.7727272727272727,724.5681818181819,0.5,3
Veigar,TOP,7.444444444444445,6.111111111111111,6.888888888888889,1547.5555555555557,0.6666666666666666,2
Velkoz,BOTTOM,5.161016949152542,7.262711864406779,11.872881355932204,1652.0254237288136,0.559322033898305,1
Velkoz,JUNGLE,6.5,9.0,10.5,1138.0,0.5,1
Velkoz,MIDDLE,7.15,6.7,8.4,1622.0,0.45,1
Velkoz,NONE,2.25,2.0277777777777777,2.3333333333333335,776.0555555555555,0.5277777777777778,3
Velkoz,TOP,7.1,6.0,8.6,1671.8,0.4,1
Vex,BOTTOM,4.0,3.0,5.0,1526.0,1.0,2
Vex,MIDDLE,8.00952380952381,6.238095238095238,7.123809523809523,1548.895238095238,0.45714285714285713,1
Vex,NONE,2.4193548387096775,1.935483870967742,1.5483870967741935,718.2903225806451,0.41935483870967744,3
Vex,TOP,9.5,5.0,7.666666666666667,1213.0,0.6666666666666666,2
Vi,BOTTOM,6.0,6.5,12.5,1808.0,0.5,1
Vi,JUNGLE,6.495575221238938,5.663716814159292,9.185840707964601,1561.4026548672566,0.5530973451327433,1
Vi,MIDDLE,5.0,5.0,6.0,1721.0,0.0,1
Vi,NONE,2.590909090909091,2.659090909090909,2.772727272727273,791.9545454545455,0.38636363636363635,3
Vi,TOP,5.0,9.5,5.0,821.5,0.0,1
Viego,BOTTOM,9.0,6.5,12.0,2109.5,1.0,2
Viego,JUNGLE,8.376093294460642,6.230320699708455,7.606413994169096,1546.8046647230321,0.4752186588921283,1
Viego,MIDDLE,10.0,5.333333333333333,3.6666666666666665,1587.0,0.6666666666666666,2
Viego,NONE,3.392405063291139,2.2911392405063293,2.7848101265822787,763.7215189873418,0.5949367088607594,3
Viego,TOP,6.0,6.75,5.5,1549.25,0.25,1
Viktor,BOTTOM,6.136363636363637,7.363636363636363,9.863636363636363,1860.8181818181818,0.5454545454545454,1
Viktor,JUNGLE,11.2,7.4,7.6,1901.8,0.8,2
Viktor,MIDDLE,6.1,6.314814814814815,7.0814814814814815,1611.9814814814815,0.4777777777777778,1
Viktor,NONE,1.4642857142857142,2.6964285714285716,1.625,774.0892857142857,0.4642857142857143,3
Viktor,TOP,5.741935483870968,6.290322580645161,7.32258064516129,1732.8064516129032,0.5161290322580645,1
Vladimir,BOTTOM,5.4,6.2,6.6,1431.6,0.0,1
Vladimir,JUNGLE,6.909090909090909,4.7727272727272725,5.2727272727272725,1454.7272727272727,0.5454545454545454,1
Vladimir,MIDDLE,7.2076502732240435,4.879781420765028,6.158469945355192,1635.8907103825136,0.5737704918032787,1
Vladimir,NONE,2.661764705882353,1.7205882352941178,1.1764705882352942,708.6323529411765,0.6764705882352942,3
Vladimir,TOP,7.037313432835821,5.149253731343284,5.1940298507462686,1533.2611940298507,0.5522388059701493,1
Volibear,JUNGLE,6.184,5.608,8.08,1554.144,0.56,1
Volibear,MIDDLE,3.6666666666666665,6.555555555555555,4.0,1418.888888888889,0.4444444444444444,1
Volibear,NONE,2.148936170212766,2.3404255319148937,1.7872340425531914,773.3829787234042,0.48936170212765956,3
Volibear,TOP,5.163934426229508,6.819672131147541,4.639344262295082,1468.688524590164,0.4426229508196721,1
Warwick,BOTTOM,14.0,5.0,13.5,2058.5,1.0,2
Warwick,JUNGLE,7.833333333333333,7.037037037037037,9.24074074074074,1713.8333333333333,0.5370370370370371,1
Warwick,MIDDLE,9.0,6.0,7.0,1944.0,1.0,2
Warwick,NONE,1.5555555555555556,2.4444444444444446,1.1666666666666667,594.1111111111111,0.3333333333333333,3
Warwick,TOP,7.653846153846154,8.23076923076923,6.384615384615385,1680.3076923076924,0.5,1
Xayah,BOTTOM,7.717213114754099,6.311475409836065,7.036885245901639,1546.2131147540983,0.5204918032786885,1
Xayah,JUNGLE,6.5,7.0,8.0,1614.0,0.5,1
Xayah,MIDDLE,6.7272727272727275,6.545454545454546,6.181818181818182,1522.909090909091,0.45454545454545453,1
Xayah,NONE,3.085714285714286,2.4857142857142858,2.442857142857143,748.3,0.5,3
Xayah,TOP,5.5,7.0,10.75,2029.75,0.5,1
Xerath,BOTTOM,5.174418604651163,6.813953488372093,13.36046511627907,1617.2790697674418,0.4883720930232558,0
Xerath,JUNGLE,6.0,4.0,12.0,1631.0,1.0,2
Xerath,MIDDLE,8.280898876404494,5.48314606741573,10.370786516853933,1560.685393258427,0.5168539325842697,1
Xerath,NONE,2.261904761904762,2.3095238095238093,3.238095238095238,770.1904761904761,0.5,3
Xerath,TOP,5.5,5.0,18.0,2625.0,0.0,0
XinZhao,BOTTOM,4.0,10.0,7.0,206.0,0.0,1
XinZhao,JUNGLE,6.96,6.131428571428572,9.794285714285714,1537.1142857142856,0.5542857142857143,1
XinZhao,MIDDLE,3.5,6.0,5.0,1379.5,0.5,1
XinZhao,NONE,3.607142857142857,2.5357142857142856,2.8214285714285716,851.3214285714286,0.5714285714285714,3
XinZhao,TOP,5.2,7.6,8.4,1788.8,0.4,1
Yasuo,BOTTOM,7.304347826086956,7.6521739130434785,7.0,1602.4347826086957,0.43478260869565216,1
Yasuo,JUNGLE,5.76,7.64,5.16,1513.04,0.48,1
Yasuo,MIDDLE,6.17490494296578,7.315589353612167,5.403041825095057,1609.212927756654,0.4600760456273764,1
Yasuo,NONE,2.7395833333333335,2.1145833333333335,1.4270833333333333,659.5520833333334,0.5520833333333334,3
Yasuo,TOP,6.240963855421687,7.481927710843373,4.783132530120482,1619.3493975903614,0.42168674698795183,1
Yone,BOTTOM,4.25,7.75,6.875,1508.125,0.5,1
Yone,JUNGLE,6.54054054054054,7.45945945945946,5.945945945945946,1747.6756756756756,0.5135135135135135,1
Yone,MIDDLE,5.71830985915493,7.084507042253521,5.906103286384977,1613.9295774647887,0.43661971830985913,1
Yone,NONE,1.6470588235294117,2.676470588235294,1.2205882352941178,709.3970588235294,0.35294117647058826,3
Yone,TOP,5.974193548387097,7.167741935483871,5.051612903225807,1638.6129032258063,0.44516129032258067,1
Yorick,JUNGLE,5.708333333333333,4.25,7.1875,1661.4583333333333,0.6458333333333334,2
Yorick,MIDDLE,5.0588235294117645,5.352941176470588,5.117647058823529,1622.5294117647059,0.4117647058823529,1
Yorick,NONE,2.340909090909091,2.272727272727273,1.7045454545454546,813.5,0.6590909090909091,3
Yorick,TOP,4.56701030927835,5.77319587628866,5.072164948453608,1537.4123711340205,0.4948453608247423,1
Yuumi,BOTTOM,1.6818181818181819,3.8333333333333335,16.575757575757574,1511.378787878788,0.4621212121212121,0
Yuumi,JUNGLE,6.0,4.0,9.0,153.0,0.0,3
Yuumi,MIDDLE,1.6,3.5,20.6,1525.1,0.6,0
Yuumi,NONE,0.7352941176470589,1.911764705882353,4.264705882352941,755.6764705882352,0.4411764705882353,3
Yuumi,TOP,2.5,4.0,25.5,1985.0,0.5,0
Zac,BOTTOM,2.25,6.25,13.166666666666666,1585.5,0.5,0
Zac,JUNGLE,6.004385964912281,5.078947368421052,12.719298245614034,1603.517543859649,0.5350877192982456,0
Zac,MIDDLE,4.166666666666667,4.833333333333333,9.833333333333334,1255.3333333333333,0.3333333333333333,1
Zac,NONE,2.12,2.06,3.64,766.3,0.5,3
Zac,TOP,3.8518518518518516,6.111111111111111,7.407407407407407,1734.9259259259259,0.14814814814814814,1
Zed,JUNGLE,7.454545454545454,5.454545454545454,5.636363636363637,1274.2727272727273,0.4090909090909091,1
Zed,MIDDLE,8.660550458715596,6.720183486238532,5.6880733944954125,1649.4495412844037,0.463302752293578,1
Zed,NONE,2.676470588235294,2.3088235294117645,1.5441176470588236,700.9117647058823,0.47058823529411764,3
Zed,TOP,8.571428571428571,6.714285714285714,5.642857142857143,1455.2142857142858,0.4642857142857143,1
Zeri,BOTTOM,7.53125,6.39453125,6.96484375,1529.26171875,0.4375,1
Zeri,JUNGLE,8.461538461538462,6.461538461538462,7.461538461538462,1646.3846153846155,0.46153846153846156,1
Zeri,MIDDLE,6.409090909090909,6.863636363636363,6.681818181818182,1481.090909090909,0.4090909090909091,1
Zeri,NONE,2.793103448275862,2.4827586206896552,1.7413793103448276,818.2413793103449,0.3793103448275862,3
Zeri,TOP,10.571428571428571,7.214285714285714,6.428571428571429,1689.2857142857142,0.42857142857142855,1
Ziggs,BOTTOM,5.907563025210084,5.697478991596639,8.764705882352942,1548.420168067227,0.5126050420168067,1
Ziggs,JUNGLE,7.0,6.0,7.5,1212.0,1.0,2
Ziggs,MIDDLE,6.953488372093023,6.488372093023256,8.627906976744185,1778.3720930232557,0.4186046511627907,1
Ziggs,NONE,2.6744186046511627,1.6744186046511629,2.4186046511627906,739.4883720930233,0.5348837209302325,3
Ziggs,TOP,5.4,5.2,10.0,1895.2,0.8,2
Zilean,BOTTOM,2.136986301369863,5.082191780821918,16.10958904109589,1596.2191780821918,0.5205479452054794,0
Zilean,JUNGLE,0.0,7.0,8.0,1252.0,0.0,1
Zilean,MIDDLE,3.40625,4.3125,14.8125,1663.6875,0.65625,0
Zilean,NONE,1.375,1.9583333333333333,5.125,681.4583333333334,0.5416666666666666,3
Zilean,TOP,4.285714285714286,6.142857142857143,16.142857142857142,1855.7142857142858,0.5714285714285714,0
Zoe,BOTTOM,6.468085106382978,5.787234042553192,12.27659574468085,1658.787234042553,0.5531914893617021,1
Zoe,JUNGLE,12.5,7.75,9.5,1901.0,0.5,1
Zoe,MIDDLE,6.792592592592593,5.103703703703704,7.296296296296297,1575.4296296296295,0.48148148148148145,1
Zoe,NONE,1.9736842105263157,2.289473684210526,2.973684210526316,732.1315789473684,0.631578947368421,3
Zoe,TOP,5.6,4.3,6.0,1353.1,0.4,1
Zyra,BOTTOM,3.180327868852459,6.508196721311475,12.077868852459016,1582.516393442623,0.5286885245901639,0
Zyra,JUNGLE,5.4222222222222225,5.844444444444444,11.666666666666666,1866.7555555555555,0.5111111111111111,1
Zyra,MIDDLE,3.8666666666666667,6.066666666666666,10.466666666666667,1695.5333333333333,0.4,1
Zyra,NONE,1.5333333333333334,2.2,3.0,709.4333333333333,0.4666666666666667,3
Zyra,TOP,1.8333333333333333,6.666666666666667,8.166666666666666,1352.5,0.3333333333333333,1
